,Site,mois,Année,Date,E.coli ,E.coli_qualite,°C,ppt,%,pH
2508,B1,1,2002,1/15/2002,0,Bonne,13.82,38.45,103.3,8.04
2509,B2,1,2002,1/15/2002,0,Bonne,13.53,38.42,101.2,8.07
2510,B3,1,2002,1/15/2002,10,Bonne,13.49,38.45,98.2,8.01
2511,B4,1,2002,1/15/2002,21,Bonne,13.79,38.42,100.1,8.01
2512,B5,1,2002,1/15/2002,10,Bonne,13.33,38.44,101.2,7.99
2513,B6,1,2002,1/15/2002,0,Bonne,13.44,38.43,98.2,8.01
2530,B1,2,2002,2/27/2002,0,Bonne,,,,
2531,B2,2,2002,2/27/2002,0,Bonne,,,,
2532,B3,2,2002,2/27/2002,0,Bonne,,,,
2533,B4,2,2002,2/27/2002,0,Bonne,,,,
2534,B5,2,2002,2/27/2002,21,Bonne,,,,
2535,B6,2,2002,2/27/2002,0,Bonne,,,,
2549,B1,3,2002,3/18/2002,0,Bonne,14.3,39.76,117.3,8
2550,B2,3,2002,3/18/2002,32,Bonne,14.44,39.95,103.1,7.99
2551,B3,3,2002,3/18/2002,10,Bonne,14.2,39.74,109.6,8.01
2552,B4,3,2002,3/18/2002,21,Bonne,14.18,39.78,107.5,8.01
2553,B5,3,2002,3/18/2002,21,Bonne,14.3,39.79,120.2,7.99
2554,B6,3,2002,3/18/2002,21,Bonne,14.24,39.69,107,8
2571,B1,4,2002,4/22/2002,10,Bonne,14.88,37.83,92.6,8.01
2572,B2,4,2002,4/22/2002,0,Bonne,14.7,37.86,91.8,7.96
2573,B3,4,2002,4/22/2002,0,Bonne,14.56,37.91,100.6,8.01
2574,B4,4,2002,4/22/2002,0,Bonne,14.46,37.86,92.8,7.98
2575,B5,4,2002,4/22/2002,0,Bonne,14.71,37.83,100.3,7.97
2576,B6,4,2002,4/22/2002,0,Bonne,14.52,37.86,96.1,8.03
2593,B1,4,2002,4/29/2002,0,Bonne,15.78,37.56,101.5,8.04
2594,B2,4,2002,4/29/2002,10,Bonne,16.21,37.77,88.5,8.01
2595,B3,4,2002,4/29/2002,10,Bonne,16.1,37.4,93.7,8.03
2596,B4,4,2002,4/29/2002,10,Bonne,16.03,37.63,103.5,8.05
2597,B5,4,2002,4/29/2002,0,Bonne,16.25,37.8,88.6,8.02
2598,B6,4,2002,4/29/2002,0,Bonne,16.13,37.78,93.5,8.03
2605,B1,5,2002,5/6/2002,0,Bonne,16.25,37.33,100.8,8.06
2606,B2,5,2002,5/6/2002,10,Bonne,16.43,37.28,93.9,8.05
2607,B3,5,2002,5/6/2002,0,Bonne,16.3,37.32,94.6,8.05
2608,B4,5,2002,5/6/2002,0,Bonne,16.21,37.32,97,8.05
2609,B5,5,2002,5/6/2002,0,Bonne,16.29,37.3,93,8.05
2610,B6,5,2002,5/6/2002,0,Bonne,16.3,37.32,92.7,8.06
2617,B1,5,2002,5/13/2002,0,Bonne,16.9,37.03,99.9,8.07
2618,B2,5,2002,5/13/2002,0,Bonne,17.25,37.36,102.5,8.05
2619,B3,5,2002,5/13/2002,0,Bonne,16.84,37.13,99,8.07
2620,B4,5,2002,5/13/2002,0,Bonne,16.82,37.11,107.2,8.07
2621,B5,5,2002,5/13/2002,0,Bonne,17.06,37.32,95.3,8.06
2622,B6,5,2002,5/13/2002,0,Bonne,16.96,37.31,95.7,8.06
2629,B1,5,2002,5/21/2002,0,Bonne,19.18,37.22,98,8.1
2630,B2,5,2002,5/21/2002,0,Bonne,19.69,37.18,94.8,8.08
2631,B3,5,2002,5/21/2002,0,Bonne,19.31,37.2,95.4,8.11
2632,B4,5,2002,5/21/2002,0,Bonne,19.41,37.19,112.5,8.13
2633,B5,5,2002,5/21/2002,0,Bonne,19.53,37.03,95.9,8.12
2634,B6,5,2002,5/21/2002,0,Bonne,19.38,37.15,94.9,8.12
2641,B1,5,2002,5/28/2002,0,Bonne,18.73,37.69,98.9,8.13
2642,B2,5,2002,5/28/2002,10,Bonne,18.79,37.68,90.5,8.1
2643,B3,5,2002,5/28/2002,0,Bonne,18.77,37.68,92.2,8.13
2644,B4,5,2002,5/28/2002,0,Bonne,18.67,37.68,96.5,8.14
2645,B5,5,2002,5/28/2002,0,Bonne,18.74,37.7,96.4,8.11
2646,B6,5,2002,5/28/2002,0,Bonne,18.79,37.67,88.4,8.11
2653,B1,6,2002,6/3/2002,10,Bonne,20.4,37.18,93,8.12
2654,B2,6,2002,6/3/2002,0,Bonne,20.42,36.97,87.4,8.11
2655,B3,6,2002,6/3/2002,0,Bonne,20.49,37.44,86.1,8.12
2656,B4,6,2002,6/3/2002,0,Bonne,20.43,37.59,96.6,8.15
2657,B5,6,2002,6/3/2002,0,Bonne,20.58,37.28,90.7,8.12
2658,B6,6,2002,6/3/2002,0,Bonne,20.57,37.63,103.7,8.13
2665,B1,6,2002,6/10/2002,0,Bonne,19.11,37.77,99.8,8.22
2666,B2,6,2002,6/10/2002,0,Bonne,19.33,37.81,87.2,8.18
2667,B3,6,2002,6/10/2002,0,Bonne,19.05,37.78,98.9,8.21
2668,B4,6,2002,6/10/2002,0,Bonne,19.1,37.76,100.3,8.23
2669,B5,6,2002,6/10/2002,0,Bonne,19.14,37.77,95.4,8.22
2670,B6,6,2002,6/10/2002,0,Bonne,19.09,37.8,104.5,8.21
2687,B1,6,2002,6/17/2002,0,Bonne,22.14,37.44,88.5,8.17
2688,B2,6,2002,6/17/2002,0,Bonne,22.15,37.46,73.2,8.1
2689,B3,6,2002,6/17/2002,0,Bonne,22.25,37.37,88.9,8.15
2690,B4,6,2002,6/17/2002,0,Bonne,22.2,37.37,97.4,8.18
2691,B5,6,2002,6/17/2002,0,Bonne,22.16,37.46,78.5,8.13
2692,B6,6,2002,6/17/2002,0,Bonne,22.34,37.42,85.4,8.17
2699,B1,6,2002,6/24/2002,0,Bonne,25.21,36.83,89.5,8.15
2700,B2,6,2002,6/24/2002,0,Bonne,25.15,36.87,73.7,8.1
2701,B3,6,2002,6/24/2002,32,Bonne,25.33,36.65,89.6,8.13
2702,B4,6,2002,6/24/2002,10,Bonne,25.12,36.79,94.1,8.14
2703,B5,6,2002,6/24/2002,0,Bonne,25.2,36.85,96,8.14
2704,B6,6,2002,6/24/2002,10,Bonne,25.26,36.64,94.1,8.14
2711,B1,7,2002,7/1/2002,0,Bonne,23.82,37.48,101.1,8.11
2712,B2,7,2002,7/1/2002,21,Bonne,24.09,37.62,75.2,8.04
2713,B3,7,2002,7/1/2002,10,Bonne,23.89,37.1,91.2,8.08
2714,B4,7,2002,7/1/2002,0,Bonne,23.92,37.71,101.5,8.12
2715,B5,7,2002,7/1/2002,10,Bonne,24.05,37.73,90.7,8.08
2716,B6,7,2002,7/1/2002,0,Bonne,23.99,37.77,58.7,7.96
2723,B1,7,2002,7/8/2002,10,Bonne,22.22,37.66,84.7,8.09
2724,B2,7,2002,7/8/2002,0,Bonne,22.2,37.76,60.8,8.01
2725,B3,7,2002,7/8/2002,0,Bonne,22.2,37.69,78.6,8.08
2726,B4,7,2002,7/8/2002,0,Bonne,21.96,37.78,82.3,8.07
2727,B5,7,2002,7/8/2002,0,Bonne,22.25,37.78,74.4,8.04
2728,B6,7,2002,7/8/2002,0,Bonne,22.31,37.63,76.2,8.07
2735,B1,7,2002,7/16/2002,10,Bonne,23.46,37.73,84.3,8.01
2736,B2,7,2002,7/16/2002,32,Bonne,23.4,37.72,65.1,7.9
2737,B3,7,2002,7/16/2002,32,Bonne,23.43,37.65,95.7,8
2738,B4,7,2002,7/16/2002,53,Bonne,23.41,37.66,83.3,8.02
2739,B5,7,2002,7/16/2002,10,Bonne,23.24,37.69,72.9,7.98
2740,B6,7,2002,7/16/2002,10,Bonne,23.62,37.59,74.6,7.99
2757,B1,7,2002,7/22/2002,0,Bonne,,,,
2758,B2,7,2002,7/22/2002,0,Bonne,,,,
2759,B3,7,2002,7/22/2002,0,Bonne,,,,
2760,B4,7,2002,7/22/2002,0,Bonne,,,,
2761,B5,7,2002,7/22/2002,0,Bonne,,,,
2762,B6,7,2002,7/22/2002,53,Bonne,,,,
2769,B1,7,2002,7/29/2002,0,Bonne,24.35,37.72,82.3,8.07
2770,B2,7,2002,7/29/2002,0,Bonne,24.67,37.67,54.3,7.96
2771,B3,7,2002,7/29/2002,10,Bonne,24.54,37.75,72.6,8.04
2772,B4,7,2002,7/29/2002,0,Bonne,24.31,37.66,83.7,8.09
2773,B5,7,2002,7/29/2002,0,Bonne,24.57,37.71,87,8.04
2774,B6,7,2002,7/29/2002,0,Bonne,24.39,37.6,76.6,8.04
2781,B1,8,2002,8/5/2002,0,Bonne,24.22,37.62,95,8.12
2782,B2,8,2002,8/5/2002,0,Bonne,24.35,37.75,103.7,8
2783,B3,8,2002,8/5/2002,0,Bonne,24.32,37.68,85.2,8.08
2784,B4,8,2002,8/5/2002,0,Bonne,24.37,37.57,92.6,8.11
2785,B5,8,2002,8/5/2002,43,Bonne,24.3,37.75,82.8,8.09
2786,B6,8,2002,8/5/2002,0,Bonne,24.29,37.77,84.9,8.06
2793,B1,8,2002,8/12/2002,0,Bonne,23.53,37.91,99.8,8.21
2794,B2,8,2002,8/12/2002,21,Bonne,23.66,37.94,92,8.16
2795,B3,8,2002,8/12/2002,0,Bonne,23.45,37.9,78.2,8.11
2796,B4,8,2002,8/12/2002,0,Bonne,23.52,37.93,100.3,8.22
2797,B5,8,2002,8/12/2002,10,Bonne,23.58,37.9,81.2,8.13
2798,B6,8,2002,8/12/2002,0,Bonne,23.42,37.9,75.3,8.11
2805,B1,8,2002,8/19/2002,10,Bonne,23.77,37.5,100.5,8.24
2806,B2,8,2002,8/19/2002,10,Bonne,23.77,37.64,101.6,8.21
2807,B3,8,2002,8/19/2002,21,Bonne,23.74,37.64,94.5,8.19
2808,B4,8,2002,8/19/2002,0,Bonne,23.74,37.61,103.8,8.23
2809,B5,8,2002,8/19/2002,0,Bonne,23.8,37.58,102.6,8.23
2810,B6,8,2002,8/19/2002,0,Bonne,23.66,37.65,88.4,8.2
2817,B1,8,2002,8/26/2002,345,Moyenne,24.29,37.74,92.7,8.14
2818,B2,8,2002,8/26/2002,10,Bonne,24.43,37.81,85.6,8.14
2819,B3,8,2002,8/26/2002,182,Moyenne,24.31,37.77,92.2,8.11
2820,B4,8,2002,8/26/2002,1038,Moyenne,24.3,37.71,92.1,8.14
2821,B5,8,2002,8/26/2002,421,Moyenne,24.28,37.76,90.1,8.13
2822,B6,8,2002,8/26/2002,360,Moyenne,24.35,37.71,80.1,8.09
2833,B1,9,2002,9/2/2002,0,Bonne,23.75,37.7,80.3,8.11
2834,B2,9,2002,9/2/2002,0,Bonne,23.66,37.62,100.1,8.1
2835,B3,9,2002,9/2/2002,0,Bonne,23.78,37.69,84.2,8.1
2836,B4,9,2002,9/2/2002,0,Bonne,23.75,37.69,96.8,8.15
2837,B5,9,2002,9/2/2002,0,Bonne,23.75,37.69,90.9,8.12
2838,B6,9,2002,9/2/2002,0,Bonne,23.83,37.72,86,8.14
2851,B1,9,2002,9/9/2002,10,Bonne,23.27,37.79,93.3,8.2
2852,B2,9,2002,9/9/2002,0,Bonne,23.23,37.79,82.1,8.2
2853,B3,9,2002,9/9/2002,32,Bonne,23.24,37.79,89.5,8.22
2854,B4,9,2002,9/9/2002,0,Bonne,23.31,37.81,94.2,8.24
2855,B5,9,2002,9/9/2002,0,Bonne,23.21,37.81,89.8,8.22
2856,B6,9,2002,9/9/2002,32,Bonne,23.2,37.8,98.2,8.25
2863,B1,9,2002,9/16/2002,0,Bonne,22.89,37.86,88.4,8.24
2864,B2,9,2002,9/16/2002,0,Bonne,22.84,37.79,68.4,8.16
2865,B3,9,2002,9/16/2002,10,Bonne,22.75,37.84,84.2,8.2
2866,B4,9,2002,9/16/2002,0,Bonne,22.84,37.91,92.9,8.25
2867,B5,9,2002,9/16/2002,0,Bonne,22.84,37.81,80,8.2
2868,B6,9,2002,9/16/2002,0,Bonne,22.78,37.88,76.3,8.2
2875,B1,9,2002,9/23/2002,10,Bonne,22.63,37.81,101.4,8.25
2876,B2,9,2002,9/23/2002,32,Bonne,22.43,37.83,70.2,8.14
2877,B3,9,2002,9/23/2002,247,Moyenne,22.46,37.79,86.3,8.19
2878,B4,9,2002,9/23/2002,0,Bonne,22.48,37.9,102.8,8.24
2879,B5,9,2002,9/23/2002,65,Bonne,22.5,37.85,94.6,8.17
2880,B6,9,2002,9/23/2002,0,Bonne,22.37,37.98,76.2,8.16
2887,B1,9,2002,9/30/2002,0,Bonne,21.63,38.04,104.5,8.19
2888,B2,9,2002,9/30/2002,0,Bonne,21.45,38.04,125.1,8.15
2889,B3,9,2002,9/30/2002,0,Bonne,21.45,38.06,114.5,8.16
2890,B4,9,2002,9/30/2002,0,Bonne,21.61,38.06,118.3,8.2
2891,B5,9,2002,9/30/2002,0,Bonne,21.42,38.02,124.2,8.17
2892,B6,9,2002,9/30/2002,0,Bonne,21.48,38.06,98.5,8.17
2899,B1,10,2002,10/21/2002,134,Moyenne,19.93,37.94,106.1,8.1
2900,B2,10,2002,10/21/2002,87,Bonne,19.81,37.93,98.7,8.09
2901,B3,10,2002,10/21/2002,110,Moyenne,19.66,37.92,114.7,8.08
2902,B4,10,2002,10/21/2002,234,Moyenne,19.97,37.92,117,8.1
2903,B5,10,2002,10/21/2002,98,Bonne,19.77,37.91,97.5,8.09
2904,B6,10,2002,10/21/2002,65,Bonne,19.61,37.89,93.1,8.08
2919,B1,11,2002,11/11/2002,21,Bonne,17.93,38.2,92.8,8.26
2920,B2,11,2002,11/11/2002,0,Bonne,17.71,38.23,102.3,8.2
2921,B3,11,2002,11/11/2002,10,Bonne,17.7,38.25,113.5,8.21
2922,B4,11,2002,11/11/2002,0,Bonne,17.82,38.17,109.8,8.25
2923,B5,11,2002,11/11/2002,0,Bonne,17.7,38.2,86.5,8.21
2924,B6,11,2002,11/11/2002,0,Bonne,17.8,38.18,109.6,8.23
2935,B1,12,2002,12/17/2002,0,Bonne,15.69,38.02,100.8,8.19
2936,B2,12,2002,12/17/2002,0,Bonne,15.31,38.09,92.5,8.15
2937,B3,12,2002,12/17/2002,0,Bonne,15.35,38.09,99,8.16
2938,B4,12,2002,12/17/2002,0,Bonne,15.5,38.11,101.3,8.17
2939,B5,12,2002,12/17/2002,10,Bonne,15.35,38.07,96.3,8.15
2940,B6,12,2002,12/17/2002,0,Bonne,15.43,38.09,95.4,8.16
2953,B1,1,2003,1/28/2003,0,Bonne,13.77,37.83,102.8,8.14
2954,B2,1,2003,1/28/2003,0,Bonne,13.62,37.74,98.7,8.14
2955,B3,1,2003,1/28/2003,0,Bonne,13.68,37.76,102.2,8.14
2957,B4,1,2003,1/28/2003,10,Bonne,13.72,37.75,102.4,8.15
2958,B5,1,2003,1/28/2003,0,Bonne,13.54,37.75,98.2,8.13
2959,B6,1,2003,1/28/2003,0,Bonne,13.54,37.76,98,8.12
2969,B1,3,2003,3/3/2003,0,Bonne,13.02,36.32,93.8,8.02
2970,B2,3,2003,3/3/2003,0,Bonne,13.01,36.32,97,8.02
2971,B3,3,2003,3/3/2003,0,Bonne,13.06,36.32,94.4,8
2973,B4,3,2003,3/3/2003,0,Bonne,13.04,36.53,93.2,8
2974,B5,3,2003,3/3/2003,0,Bonne,12.97,36.27,103.5,7.99
2975,B6,3,2003,3/3/2003,0,Bonne,12.97,36.3,94,8
2984,B1,3,2003,3/24/2003,0,Bonne,13.7,38.22,98.8,8.11
2985,B2,3,2003,3/24/2003,0,Bonne,13.7,38.25,96.8,8.07
2986,B3,3,2003,3/24/2003,0,Bonne,13.83,38.06,96.8,8.1
2988,B4,3,2003,3/24/2003,0,Bonne,13.71,38.17,106,8.08
2989,B5,3,2003,3/24/2003,0,Bonne,13.71,38.29,95.8,8.08
2990,B6,3,2003,3/24/2003,0,Bonne,13.95,37.86,101,8.08
2999,B1,4,2003,4/28/2003,0,Bonne,16.13,37.42,100,8.05
3000,B2,4,2003,4/28/2003,0,Bonne,16.34,37.38,92.5,8.03
3001,B3,4,2003,4/28/2003,0,Bonne,16.21,37.32,102,8.06
3003,B4,4,2003,4/28/2003,0,Bonne,16.14,37.46,99.2,8.07
3004,B5,4,2003,4/28/2003,0,Bonne,16.37,37.39,100.4,8.07
3005,B6,4,2003,4/28/2003,0,Bonne,16.29,37.54,94.2,8.06
3015,B1,5,2003,5/5/2003,10,Bonne,17.03,37.84,99.1,8.04
3016,B2,5,2003,5/5/2003,0,Bonne,17.23,37.81,84.1,8.03
3017,B3,5,2003,5/5/2003,122,Moyenne,17.17,37.78,97.3,8.06
3019,B4,5,2003,5/5/2003,0,Bonne,17.08,37.82,97.7,8.05
3020,B5,5,2003,5/5/2003,0,Bonne,17.07,37.83,92.4,8.05
3021,B6,5,2003,5/5/2003,10,Bonne,17.15,37.82,88,8.06
3031,B1,5,2003,5/12/2003,10,Bonne,18.87,37.58,89.3,8.13
3032,B2,5,2003,5/12/2003,0,Bonne,19.26,37.63,87.4,8.1
3033,B3,5,2003,5/12/2003,0,Bonne,19.32,37.68,87.4,8.13
3035,B4,5,2003,5/12/2003,0,Bonne,18.95,37.6,111.3,8.18
3036,B5,5,2003,5/12/2003,0,Bonne,19.21,37.63,92.1,8.12
3037,B6,5,2003,5/12/2003,0,Bonne,19.12,37.71,79.9,8.16
3047,B1,5,2003,5/19/2003,0,Bonne,19.14,37.82,106.5,8.07
3048,B2,5,2003,5/19/2003,0,Bonne,19.24,37.52,104.2,8.04
3049,B3,5,2003,5/19/2003,0,Bonne,19.27,37.69,102.5,8.08
3051,B4,5,2003,5/19/2003,0,Bonne,19.31,37.74,97.9,8.06
3052,B5,5,2003,5/19/2003,0,Bonne,19.19,37.74,103.1,8.06
3053,B6,5,2003,5/19/2003,0,Bonne,19.36,37.48,80.2,8.05
3063,B1,5,2003,5/26/2003,0,Bonne,,,,
3064,B2,5,2003,5/26/2003,0,Bonne,,,,
3065,B3,5,2003,5/26/2003,10,Bonne,,,,
3067,B4,5,2003,5/26/2003,0,Bonne,,,,
3068,B5,5,2003,5/26/2003,21,Bonne,,,,
3069,B6,5,2003,5/26/2003,0,Bonne,,,,
3073,B1,6,2003,6/2/2003,0,Bonne,19.97,37.47,92.9,8.19
3074,B2,6,2003,6/2/2003,0,Bonne,20.31,37.66,88.7,8.18
3075,B3,6,2003,6/2/2003,10,Bonne,20.23,35.91,91.3,8.19
3077,B4,6,2003,6/2/2003,0,Bonne,19.91,37.66,94.3,8.21
3078,B5,6,2003,6/2/2003,0,Bonne,20.47,37.67,91.4,8.2
3079,B6,6,2003,6/2/2003,0,Bonne,19.93,37.69,81.4,8.2
3089,B1,6,2003,6/10/2003,0,Bonne,23.92,37.12,93.3,8.07
3090,B2,6,2003,6/10/2003,0,Bonne,24.29,37.01,81.7,8.09
3091,B3,6,2003,6/10/2003,0,Bonne,24.31,37.03,96.7,8.07
3093,B4,6,2003,6/10/2003,0,Bonne,24.33,37.44,98.7,8.21
3094,B5,6,2003,6/10/2003,0,Bonne,24.22,37.47,93.2,8.08
3095,B6,6,2003,6/10/2003,0,Bonne,24.13,37.49,90.4,8.1
3105,B1,6,2003,6/16/2003,0,Bonne,25.1,37.57,97.7,8.1
3106,B2,6,2003,6/16/2003,43,Bonne,25.26,37.67,52.8,7.91
3107,B3,6,2003,6/16/2003,0,Bonne,25.03,37.65,88.5,8.07
3109,B4,6,2003,6/16/2003,0,Bonne,25.28,37.69,100.8,8.12
3110,B5,6,2003,6/16/2003,0,Bonne,25.16,37.52,85.2,8.07
3111,B6,6,2003,6/16/2003,10,Bonne,25.05,37.58,115.2,8.06
3121,B1,6,2003,6/23/2003,10,Bonne,26.49,37.98,74.8,8.03
3122,B2,6,2003,6/23/2003,53,Bonne,26.86,38.08,58.6,7.94
3123,B3,6,2003,6/23/2003,10,Bonne,26.65,37.98,78,8.03
3125,B4,6,2003,6/23/2003,0,Bonne,26.47,38.18,82.6,8.03
3126,B5,6,2003,6/23/2003,182,Moyenne,26.52,38.15,61.7,7.99
3127,B6,6,2003,6/23/2003,87,Bonne,26.53,38.19,79.9,8.05
3137,B1,6,2003,6/30/2003,0,Bonne,26.84,37.87,104.2,8.03
3138,B2,6,2003,6/30/2003,43,Bonne,26.96,38.15,98.9,8.01
3139,B3,6,2003,6/30/2003,0,Bonne,26.93,38.11,102.6,8.04
3141,B4,6,2003,6/30/2003,10,Bonne,26.74,38.21,103.2,8.03
3142,B5,6,2003,6/30/2003,1345,Moyenne,26.9,38.06,75.1,7.95
3143,B6,6,2003,6/30/2003,21,Bonne,26.89,38.23,91.3,7.97
3153,B1,7,2003,7/7/2003,0,Bonne,24.95,38.25,100.8,7.99
3154,B2,7,2003,7/7/2003,302,Moyenne,25.18,38.24,92.5,8.01
3155,B3,7,2003,7/7/2003,0,Bonne,25.14,38.18,98.5,8.03
3157,B4,7,2003,7/7/2003,0,Bonne,25.1,38.25,94.8,7.78
3158,B5,7,2003,7/7/2003,10,Bonne,25.04,38.27,103.5,7.96
3159,B6,7,2003,7/7/2003,10,Bonne,25,38.24,96.5,8.01
3169,B1,7,2003,7/14/2003,0,Bonne,26.65,37.99,94,8.14
3170,B2,7,2003,7/14/2003,98,Bonne,26.42,37.99,74.1,8.06
3171,B3,7,2003,7/14/2003,405,Moyenne,26.62,38,92.2,8.12
3173,B4,7,2003,7/14/2003,10,Bonne,26.64,37.91,97.1,8.15
3174,B5,7,2003,7/14/2003,43,Bonne,26.52,38.01,84.4,8.08
3175,B6,7,2003,7/14/2003,0,Bonne,26.74,38.17,108.2,8.13
3185,B1,7,2003,7/21/2003,0,Bonne,26.54,38.2,91.7,8.06
3186,B2,7,2003,7/21/2003,274,Moyenne,26.76,37.49,81.9,8.03
3187,B3,7,2003,7/21/2003,43,Bonne,26.61,38.23,70.8,8
3189,B4,7,2003,7/21/2003,0,Bonne,26.6,38.17,98.4,8.08
3190,B5,7,2003,7/21/2003,10,Bonne,26.61,38.15,89.1,8.05
3191,B6,7,2003,7/21/2003,32,Bonne,26.65,38.18,88.5,8.06
3201,B1,7,2003,7/28/2003,0,Bonne,26.99,37.91,80.9,8
3202,B2,7,2003,7/28/2003,10,Bonne,27.01,38.08,78,7.97
3203,B3,7,2003,7/28/2003,0,Bonne,27.09,37.57,80.2,7.99
3205,B4,7,2003,7/28/2003,0,Bonne,26.99,38.08,85.5,8.02
3206,B5,7,2003,7/28/2003,652,Moyenne,27.05,38.1,74.3,7.94
3207,B6,7,2003,7/28/2003,0,Bonne,27.08,38.03,87.4,8.03
3217,B1,8,2003,8/4/2003,0,Bonne,26.48,38.04,103.1,8.14
3218,B2,8,2003,8/4/2003,32,Bonne,26.73,38.12,52.5,7.96
3219,B3,8,2003,8/4/2003,0,Bonne,26.52,37.99,96.3,8.12
3221,B4,8,2003,8/4/2003,0,Bonne,26.41,38.04,99.3,8.13
3222,B5,8,2003,8/4/2003,53,Bonne,26.63,38.12,68.6,8.02
3223,B6,8,2003,8/4/2003,43,Bonne,26.61,38.09,68.1,8.03
3233,B1,8,2003,8/11/2003,0,Bonne,27.33,37.78,90.8,8.11
3234,B2,8,2003,8/11/2003,21,Bonne,27.44,37.91,66.3,8.05
3235,B3,8,2003,8/11/2003,10,Bonne,27.37,37.63,88.1,8.1
3237,B4,8,2003,8/11/2003,0,Bonne,27.3,37.87,90.9,8.12
3238,B5,8,2003,8/11/2003,0,Bonne,27.42,37.95,66.5,8.04
3239,B6,8,2003,8/11/2003,10,Bonne,27.33,37.76,88.8,8.11
3249,B1,8,2003,8/18/2003,0,Bonne,28.03,38.17,67.3,8
3250,B2,8,2003,8/18/2003,0,Bonne,27.95,38.13,54.4,7.92
3251,B3,8,2003,8/18/2003,0,Bonne,28.05,38.1,55.5,7.93
3253,B4,8,2003,8/18/2003,0,Bonne,28.01,38.18,77.7,8.03
3254,B5,8,2003,8/18/2003,0,Bonne,28.09,38.13,55,7.94
3255,B6,8,2003,8/18/2003,10,Bonne,27.93,38.17,56.8,7.94
3265,B1,8,2003,8/25/2003,0,Bonne,28,38.1,91.1,8.12
3266,B2,8,2003,8/25/2003,208,Moyenne,27.9,38.14,46.9,7.96
3267,B3,8,2003,8/25/2003,0,Bonne,27.94,38.06,80.9,8.1
3269,B4,8,2003,8/25/2003,0,Bonne,28,38.14,95.5,8.14
3270,B5,8,2003,8/25/2003,0,Bonne,28.04,38.18,53.7,7.99
3271,B6,8,2003,8/25/2003,10,Bonne,27.95,38.2,51.8,7.96
3281,B1,9,2003,9/1/2003,0,Bonne,22.51,37.97,101.1,8.1
3282,B2,9,2003,9/1/2003,487,Moyenne,21.99,37.98,101.7,8.1
3283,B3,9,2003,9/1/2003,0,Bonne,22.23,38.01,100.2,8.11
3285,B4,9,2003,9/1/2003,0,Bonne,22.35,38,101.8,8.1
3286,B5,9,2003,9/1/2003,0,Bonne,21.87,37.95,98.8,8.09
3287,B6,9,2003,9/1/2003,10,Bonne,21.99,37.97,101.6,8.1
3297,B1,9,2003,9/8/2003,0,Bonne,23.7,38.16,91.3,8.09
3298,B2,9,2003,9/8/2003,10,Bonne,23.88,38.21,63,7.98
3299,B3,9,2003,9/8/2003,21,Bonne,23.83,38.19,73.6,8.03
3301,B4,9,2003,9/8/2003,0,Bonne,23.79,38.17,83.7,8.06
3302,B5,9,2003,9/8/2003,10,Bonne,23.83,38.05,72.2,8.02
3303,B6,9,2003,9/8/2003,0,Bonne,23.77,38.18,67.9,8.01
3313,B1,9,2003,9/16/2003,0,Bonne,23.03,38.14,95.5,8.11
3314,B2,9,2003,9/16/2003,21,Bonne,22.85,38.24,84.5,8.05
3315,B3,9,2003,9/16/2003,0,Bonne,22.97,38.21,89.9,8.1
3317,B4,9,2003,9/16/2003,0,Bonne,23.06,38.22,95.9,8.12
3318,B5,9,2003,9/16/2003,32,Bonne,22.77,38.24,88.2,8.09
3319,B6,9,2003,9/16/2003,0,Bonne,22.93,38.22,88.7,8.09
3329,B1,9,2003,9/22/2003,0,Bonne,22.86,38.15,98,8.13
3330,B2,9,2003,9/22/2003,10,Bonne,22.72,38.06,73.2,8.02
3331,B3,9,2003,9/22/2003,10,Bonne,22.91,38.05,88.3,8.09
3333,B4,9,2003,9/22/2003,0,Bonne,22.71,38.14,92.9,8.11
3334,B5,9,2003,9/22/2003,10,Bonne,22.68,38.07,84.9,8.07
3335,B6,9,2003,9/22/2003,0,Bonne,22.75,38.11,79.6,8.05
3345,B1,9,2003,9/29/2003,0,Bonne,22.31,38.3,91.6,8.06
3346,B2,9,2003,9/29/2003,0,Bonne,22.26,38.27,83.7,8.01
3347,B3,9,2003,9/29/2003,10,Bonne,22.07,38.25,86.8,8
3349,B4,9,2003,9/29/2003,0,Bonne,22.3,38.3,91.2,8.05
3350,B5,9,2003,9/29/2003,0,Bonne,22.16,38.28,87,8.03
3351,B6,9,2003,9/29/2003,0,Bonne,22.15,38.26,84.8,8.01
3361,B1,10,2003,10/27/2003,0,Bonne,17.56,38.31,95.9,8.03
3362,B2,10,2003,10/27/2003,0,Bonne,17.59,38.24,94.1,8
3363,B3,10,2003,10/27/2003,10,Bonne,17.57,37.87,93.2,8.02
3365,B4,10,2003,10/27/2003,0,Bonne,17.74,38.24,96.3,8.04
3366,B5,10,2003,10/27/2003,10,Bonne,17.57,38.23,96.3,8.02
3367,B6,10,2003,10/27/2003,0,Bonne,17.52,38.27,92,8.02
3377,B1,12,2003,12/10/2003,21,Bonne,15.61,37.85,102,8.13
3378,B2,12,2003,12/10/2003,21,Bonne,15.35,37.87,102.2,8.1
3379,B3,12,2003,12/10/2003,0,Bonne,15.45,37.9,103.2,8.13
3381,B4,12,2003,12/10/2003,0,Bonne,15.57,37.85,103.2,8.14
3382,B5,12,2003,12/10/2003,0,Bonne,15.36,37.88,104.4,8.12
3383,B6,12,2003,12/10/2003,0,Bonne,15.41,37.88,101.5,8.3
3393,B1,2,2004,2/2/2004,21,Bonne,13.35,38.13,101.1,8.11
3394,B2,2,2004,2/2/2004,10,Bonne,13.32,38.12,99,8.11
3395,B3,2,2004,2/2/2004,0,Bonne,13.27,38.11,102.3,8.11
3397,B4,2,2004,2/2/2004,0,Bonne,13.31,38.11,101.9,8.11
3398,B5,2,2004,2/2/2004,43,Bonne,13.24,38.09,101.7,8.1
3399,B6,2,2004,2/2/2004,0,Bonne,13.23,38.1,101.1,8.1
3409,B1,2,2004,2/25/2004,10,Bonne,12.65,38.33,107.8,8.05
3410,B2,2,2004,2/25/2004,10,Bonne,11.95,38.98,112.6,8.01
3411,B3,2,2004,2/25/2004,0,Bonne,12.67,38.12,106.3,7.97
3413,B4,2,2004,2/25/2004,0,Bonne,12.92,37.91,107.8,8.05
3414,B5,2,2004,2/25/2004,0,Bonne,12.06,38.85,110.9,7.93
3415,B6,2,2004,2/25/2004,0,Bonne,12.32,38.39,112.8,8
3425,B1,3,2004,3/15/2004,10,Bonne,12.93,38.17,107.4,8.02
3426,B2,3,2004,3/15/2004,0,Bonne,12.94,38.16,106.8,8.03
3427,B3,3,2004,3/15/2004,0,Bonne,12.98,38.14,100.5,7.98
3429,B4,3,2004,3/15/2004,0,Bonne,12.93,37.99,106.3,8.02
3430,B5,3,2004,3/15/2004,0,Bonne,12.95,38.15,107.2,8.02
3431,B6,3,2004,3/15/2004,0,Bonne,13.03,38.17,106.7,8.02
3441,B1,4,2004,4/19/2004,0,Bonne,13.76,37.88,103.5,8.01
3442,B2,4,2004,4/19/2004,21,Bonne,13.83,37.9,101.7,7.98
3443,B3,4,2004,4/19/2004,10,Bonne,13.76,37.89,101.9,7.98
3445,B4,4,2004,4/19/2004,0,Bonne,13.7,37.82,103.7,7.99
3446,B5,4,2004,4/19/2004,0,Bonne,13.77,37.91,101,7.98
3447,B6,4,2004,4/19/2004,10,Bonne,13.71,37.85,104,7.99
3457,B1,5,2004,5/5/2004,0,Bonne,14.93,37.77,104.2,8.03
3458,B2,5,2004,5/5/2004,10,Bonne,15.21,37.77,100.5,8.04
3459,B3,5,2004,5/5/2004,0,Bonne,14.99,37.69,101.8,8.04
3461,B4,5,2004,5/5/2004,0,Bonne,14.91,37.73,103.6,8.03
3462,B5,5,2004,5/5/2004,10,Bonne,15.07,37.73,101.6,8.02
3463,B6,5,2004,5/5/2004,0,Bonne,15.11,37.56,100.5,8.01
3473,B1,5,2004,5/10/2004,0,Bonne,16.28,37.13,105.7,8.13
3474,B2,5,2004,5/10/2004,0,Bonne,16.26,37.64,99.8,8.08
3475,B3,5,2004,5/10/2004,0,Bonne,16.11,37.69,101.8,8.11
3477,B4,5,2004,5/10/2004,0,Bonne,16.15,37.66,103.8,8.14
3478,B5,5,2004,5/10/2004,0,Bonne,16.06,37.69,97.4,8.11
3479,B6,5,2004,5/10/2004,0,Bonne,16.08,37.68,100.7,8.11
3489,B1,5,2004,5/17/2004,0,Bonne,17.1,37.29,102.2,8.09
3490,B2,5,2004,5/17/2004,10,Bonne,17.4,37.28,103.9,8.1
3491,B3,5,2004,5/17/2004,0,Bonne,17.14,37.3,99,8.08
3493,B4,5,2004,5/17/2004,10,Bonne,17.02,37.34,106.6,8.12
3494,B5,5,2004,5/17/2004,0,Bonne,17.2,37.28,106.2,8.11
3495,B6,5,2004,5/17/2004,0,Bonne,17.14,37.31,102.3,8.1
3505,B1,5,2004,5/25/2004,0,Bonne,17.54,37.26,92.1,7.99
3506,B2,5,2004,5/25/2004,0,Bonne,18.1466666666667,37.27,83.5666666666667,7.94
3507,B3,5,2004,5/25/2004,0,Bonne,17.72,37.09,96.8,8
3509,B4,5,2004,5/25/2004,0,Bonne,17.505,37.245,96.2,8.005
3510,B5,5,2004,5/25/2004,0,Bonne,17.76,37.36,91.4,7.97
3511,B6,5,2004,5/25/2004,0,Bonne,17.58,37.44,92.3,8
3521,B1,6,2004,6/1/2004,21,Bonne,19.17,37.41,93.3,7.97
3522,B2,6,2004,6/1/2004,0,Bonne,19.24,37.44,75.2,7.91
3523,B3,6,2004,6/1/2004,10,Bonne,19.22,37.43,90,7.96
3525,B4,6,2004,6/1/2004,10,Bonne,19.14,37.4,95.1,7.98
3526,B5,6,2004,6/1/2004,0,Bonne,19.26,37.44,85.3,7.94
3527,B6,6,2004,6/1/2004,0,Bonne,19.18,37.27,96.3,7.99
3537,B1,6,2004,6/7/2004,10,Bonne,20.42,37.67,99.5,7.99
3538,B2,6,2004,6/7/2004,0,Bonne,20.41,37.68,78.9,7.91
3539,B3,6,2004,6/7/2004,0,Bonne,20.45,37.62,98.8,7.98
3541,B4,6,2004,6/7/2004,0,Bonne,20.46,37.62,96.3,7.96
3542,B5,6,2004,6/7/2004,0,Bonne,20.37,37.69,91.2,7.95
3543,B6,6,2004,6/7/2004,0,Bonne,20.41,37.68,92.5,7.97
3553,B1,6,2004,6/15/2004,65,Bonne,19.81,37.81,100.0518,8.05
3554,B2,6,2004,6/15/2004,0,Bonne,19.92,37.95,96.2436,8.03
3555,B3,6,2004,6/15/2004,32,Bonne,19.89,37.85,95.3781,8.03
3557,B4,6,2004,6/15/2004,53,Bonne,19.89,37.7,102.4752,8.04
3558,B5,6,2004,6/15/2004,0,Bonne,19.82,37.96,92.9547,8.01
3559,B6,6,2004,6/15/2004,21,Bonne,20.01,37.82,95.5512,8.02
3569,B1,6,2004,6/21/2004,0,Bonne,21.19,37.94,94.4,8.02
3570,B2,6,2004,6/21/2004,0,Bonne,21.19,37.95,94.2,8.05
3571,B3,6,2004,6/21/2004,0,Bonne,21.18,37.87,98.4,8.05
3573,B4,6,2004,6/21/2004,0,Bonne,21.04,37.85,98.1,8.04
3574,B5,6,2004,6/21/2004,21,Bonne,21.07,37.97,97.4,8.06
3575,B6,6,2004,6/21/2004,0,Bonne,20.96,37.96,100.7,8.05
3585,B1,6,2004,6/28/2004,0,Bonne,23.08,37.67,99.3,8.05
3586,B2,6,2004,6/28/2004,0,Bonne,23.33,37.64,84.2,8.01
3587,B3,6,2004,6/28/2004,0,Bonne,23.06,37.69,94.6,8.03
3589,B4,6,2004,6/28/2004,10,Bonne,23.02,37.71,100.4,8.05
3590,B5,6,2004,6/28/2004,302,Moyenne,23.1,37.72,92.7,8.03
3591,B6,6,2004,6/28/2004,10,Bonne,23.07,37.73,89.1,8.01
3601,B1,7,2004,7/7/2004,0,Bonne,,,,
3602,B2,7,2004,7/7/2004,0,Bonne,,,,
3603,B3,7,2004,7/7/2004,0,Bonne,,,,
3605,B4,7,2004,7/7/2004,0,Bonne,24.47,37.9,87.4,8.02
3606,B5,7,2004,7/7/2004,0,Bonne,23.21,38.81,107.1,7.98
3607,B6,7,2004,7/7/2004,0,Bonne,,,,
3617,B1,7,2004,7/12/2004,10,Bonne,22.53,38.14,95.4,8.04
3618,B2,7,2004,7/12/2004,10,Bonne,22.68,38.1366666666667,82.7666666666667,7.97
3619,B3,7,2004,7/12/2004,10,Bonne,22.6,38.09,91.4,8.01
3621,B4,7,2004,7/12/2004,0,Bonne,22.58,38.14,94.3,8.04
3622,B5,7,2004,7/12/2004,32,Bonne,22.6,38.11,86,7.99
3623,B6,7,2004,7/12/2004,0,Bonne,22.69,38.09,80.1,7.98
3633,B1,7,2004,7/19/2004,87,Bonne,23.03,38.21,93,7.95
3634,B2,7,2004,7/19/2004,0,Bonne,23.23,38.16,92.3,7.92
3635,B3,7,2004,7/19/2004,316,Moyenne,23.14,38.18,89.9,7.91
3637,B4,7,2004,7/19/2004,0,Bonne,23.2,38.08,93.3,7.96
3638,B5,7,2004,7/19/2004,0,Bonne,23.19,38.17,97.2,7.93
3639,B6,7,2004,7/19/2004,10,Bonne,23.08,38.35,95.2,7.91
3649,B1,7,2004,7/26/2004,10,Bonne,24.47,37.95,101.5,7.99
3650,B2,7,2004,7/26/2004,0,Bonne,24.55,38.09,93.9,7.97
3651,B3,7,2004,7/26/2004,170,Moyenne,24.45,38.09,95.8,7.98
3653,B4,7,2004,7/26/2004,0,Bonne,24.37,38.06,100.6,8.01
3654,B5,7,2004,7/26/2004,0,Bonne,24.41,38.06,96.2,7.98
3655,B6,7,2004,7/26/2004,0,Bonne,24.36,38.02,94.8,7.98
3665,B1,8,2004,8/2/2004,0,Bonne,24.52,37.99,103.8,8.02
3666,B2,8,2004,8/2/2004,32,Bonne,24.3,37.86,98.6,7.98
3667,B3,8,2004,8/2/2004,10,Bonne,24.48,38.02,102.3,8.01
3669,B4,8,2004,8/2/2004,0,Bonne,24.6,38.12,104.5,8.02
3670,B5,8,2004,8/2/2004,10,Bonne,24.31,38.05,96.2,7.99
3671,B6,8,2004,8/2/2004,0,Bonne,24.27,38.09,93.5,7.98
3681,B1,8,2004,8/9/2004,0,Bonne,25.2,38.18,84.4,7.96
3682,B2,8,2004,8/9/2004,0,Bonne,25.19,38.12,73.4,7.92
3683,B3,8,2004,8/9/2004,146,Moyenne,25.22,38.13,77.6,7.94
3685,B4,8,2004,8/9/2004,32,Bonne,25.17,38.18,77,7.95
3686,B5,8,2004,8/9/2004,0,Bonne,25.28,38.13,79.5,7.94
3687,B6,8,2004,8/9/2004,0,Bonne,25.26,38.17,73.7,7.93
3697,B1,8,2004,8/17/2004,0,Bonne,24.46,38.16,91.2,8.02
3698,B2,8,2004,8/17/2004,21,Bonne,24.54,38.13,88.6,8
3699,B3,8,2004,8/17/2004,0,Bonne,24.49,38.13,88.3,8
3701,B4,8,2004,8/17/2004,0,Bonne,24.5,38.13,97.8,8.04
3702,B5,8,2004,8/17/2004,0,Bonne,24.55,38.13,90.4,8
3703,B6,8,2004,8/17/2004,0,Bonne,24.41,38.15,79,7.96
3713,B1,8,2004,8/23/2004,0,Bonne,24.75,38.33,94.1,8.04
3714,B2,8,2004,8/23/2004,0,Bonne,24.69,38.34,75.9,7.97
3715,B3,8,2004,8/23/2004,0,Bonne,24.55,38.37,72.3,7.94
3717,B4,8,2004,8/23/2004,10,Bonne,24.72,38.4,93.2,8.03
3718,B5,8,2004,8/23/2004,0,Bonne,24.71,38.37,75.8,7.96
3719,B6,8,2004,8/23/2004,0,Bonne,24.58,38.4,67,7.93
3729,B1,8,2004,8/30/2004,0,Bonne,24.28,38.22,100,7.98
3730,B2,8,2004,8/30/2004,21,Bonne,24.4,38.31,62.1,7.84
3731,B3,8,2004,8/30/2004,10,Bonne,24.32,38.11,80.2,7.9
3733,B4,8,2004,8/30/2004,21,Bonne,24.26,38.33,94.2,7.96
3734,B5,8,2004,8/30/2004,21,Bonne,24.41,38.3,72.2,7.88
3735,B6,8,2004,8/30/2004,0,Bonne,24.34,38.33,61.9,7.85
3745,B1,9,2004,9/6/2004,0,Bonne,24.18,38.35,105.2,8.04
3746,B2,9,2004,9/6/2004,10,Bonne,24.35,38.42,94.1,7.92
3747,B3,9,2004,9/6/2004,0,Bonne,24.31,38.33,97.6,7.94
3749,B4,9,2004,9/6/2004,0,Bonne,23.9,38.85,103.8,8
3750,B5,9,2004,9/6/2004,0,Bonne,23.87,38.71,103.5,7.92
3751,B6,9,2004,9/6/2004,10,Bonne,23.95,38.7,102.3,7.89
3761,B1,9,2004,9/13/2004,0,Bonne,23.83,38.49,99.2,7.95
3762,B2,9,2004,9/13/2004,21,Bonne,23.57,38.78,95.8,7.88
3763,B3,9,2004,9/13/2004,0,Bonne,23.36,38.8,103.5,7.9
3765,B4,9,2004,9/13/2004,0,Bonne,23.88,38.42,88.9,7.93
3766,B5,9,2004,9/13/2004,0,Bonne,22.98,39.11,104.3,7.89
3767,B6,9,2004,9/13/2004,0,Bonne,23.37,38.75,103.4,7.87
3777,B1,9,2004,9/20/2004,0,Bonne,23.12,38.31,100.3,7.97
3778,B2,9,2004,9/20/2004,21,Bonne,23.11,38.34,88.1,7.92
3779,B3,9,2004,9/20/2004,0,Bonne,23.06,38.31,90.7,7.94
3781,B4,9,2004,9/20/2004,0,Bonne,23.07,38.33,100.1,7.96
3782,B5,9,2004,9/20/2004,0,Bonne,23.02,38.34,83.2,7.91
3783,B6,9,2004,9/20/2004,0,Bonne,22.97,38.37,91,7.95
3793,B1,9,2004,9/27/2004,0,Bonne,22.22,38.44,98.4,7.93
3794,B2,9,2004,9/27/2004,0,Bonne,22.11,38.44,87.9,7.89
3795,B3,9,2004,9/27/2004,0,Bonne,22.08,38.43,87.6,7.89
3797,B4,9,2004,9/27/2004,0,Bonne,22.33,38.43,98.1,7.95
3798,B5,9,2004,9/27/2004,0,Bonne,22.08,38.42,91.9,7.92
3799,B6,9,2004,9/27/2004,10,Bonne,22.02,38.37,80.8,7.87
3809,B1,10,2004,10/27/2004,0,Bonne,20.12,38.38,91,7.95
3810,B2,10,2004,10/27/2004,0,Bonne,19.32,39,103.2,7.94
3811,B3,10,2004,10/27/2004,0,Bonne,20.03,38.39,88.5,7.93
3813,B4,10,2004,10/27/2004,0,Bonne,19.62,38.9,103,7.98
3814,B5,10,2004,10/27/2004,0,Bonne,20.01,38.41,87.6,7.92
3815,B6,10,2004,10/27/2004,10,Bonne,19.67,38.68,92.7,7.9
3825,B1,10,2004,11/22/2004,21,Bonne,20.12,38.38,91,7.95
3826,B2,10,2004,11/22/2004,0,Bonne,19.32,39,103.2,7.94
3827,B3,10,2004,11/22/2004,0,Bonne,20.03,38.39,88.5,7.93
3829,B4,10,2004,11/22/2004,76,Bonne,19.62,38.9,103,7.98
3830,B5,10,2004,11/22/2004,0,Bonne,20.01,38.41,87.6,7.92
3831,B6,10,2004,11/22/2004,10,Bonne,19.67,38.68,92.7,7.9
3841,B1,10,2004,12/13/2004,10,Bonne,20.12,38.38,91,7.95
3842,B2,10,2004,12/13/2004,21,Bonne,19.32,39,103.2,7.94
3843,B3,10,2004,12/13/2004,21,Bonne,20.03,38.39,88.5,7.93
3845,B4,10,2004,12/13/2004,43,Bonne,19.62,38.9,103,7.98
3846,B5,10,2004,12/13/2004,0,Bonne,20.01,38.41,87.6,7.92
3847,B6,10,2004,12/13/2004,0,Bonne,19.67,38.68,92.7,7.9
3857,B1,1,2005,1/17/2005,0,Bonne,14.21,38.14,99.3,7.94
3858,B2,1,2005,1/17/2005,0,Bonne,13.91,38.16,99.2,7.94
3859,B3,1,2005,1/17/2005,0,Bonne,13.99,38.14,96.8,7.94
3861,B4,1,2005,1/17/2005,0,Bonne,14.03,38.14,98.2,7.94
3862,B5,1,2005,1/17/2005,0,Bonne,13.51,38.05,92,7.91
3863,B6,1,2005,1/17/2005,0,Bonne,13.96,38.13,98.1,7.96
3873,B1,2,2005,2/14/2005,10,Bonne,12.87,38.3,101.8,7.81
3874,B2,2,2005,2/14/2005,21,Bonne,12.81,38.27,102.6,7.76
3875,B3,2,2005,2/14/2005,0,Bonne,12.54,38.28,99.8,7.73
3877,B4,2,2005,2/14/2005,0,Bonne,12.55,38.29,99.7,7.77
3878,B5,2,2005,2/14/2005,10,Bonne,12.51,38.27,100.9,7.75
3879,B6,2,2005,2/14/2005,10,Bonne,12.71,38.26,100.9,7.77
3889,B1,3,2005,3/21/2005,98,Bonne,13.94,37.12,106.6,8.09
3891,B3,3,2005,3/21/2005,0,Bonne,13.87,37.64,105.8,8.08
3893,B4,3,2005,3/21/2005,10,Bonne,13.69,37.76,104.9,8.11
3894,B5,3,2005,3/21/2005,0,Bonne,13.73,37.75,102.6,8.09
3895,B6,3,2005,3/21/2005,0,Bonne,13.73,37.78,99.4,8.09
3905,B1,4,2005,4/18/2005,10,Bonne,13.89,38.04,106.2,8.08
3906,B2,4,2005,4/18/2005,0,Bonne,13.92,38.11,102.5,8.08
3907,B3,4,2005,4/18/2005,10,Bonne,13.79,38.08,100.2,8.07
3909,B4,4,2005,4/18/2005,0,Bonne,13.67,38.09,100.3,8.08
3910,B5,4,2005,4/18/2005,0,Bonne,13.82,38.1,101.7,8.09
3911,B6,4,2005,4/18/2005,0,Bonne,13.71,38.12,100.5,8.08
3921,B1,5,2005,5/3/2005,146,Moyenne,17.13,37.76,107.3,7.95
3922,B2,5,2005,5/3/2005,260,Moyenne,17.29,37.8,101.2,7.93
3923,B3,5,2005,5/3/2005,10,Bonne,17.2,37.41,103.4,7.93
3925,B4,5,2005,5/3/2005,10,Bonne,17.12,37.69,107.4,7.93
3926,B5,5,2005,5/3/2005,0,Bonne,17.06,37.63,104.8,7.93
3927,B6,5,2005,5/3/2005,10,Bonne,17.02,37.72,106.6,7.93
3937,B1,5,2005,5/9/2005,0,Bonne,17.88,37.24,89.6,7.86
3938,B2,5,2005,5/9/2005,0,Bonne,18.06,37.29,86.7,7.83
3939,B3,5,2005,5/9/2005,0,Bonne,17.91,37.28,91.3,7.87
3941,B4,5,2005,5/9/2005,0,Bonne,17.88,37.33,87.2,7.85
3942,B5,5,2005,5/9/2005,0,Bonne,17.89,37.33,93.7,7.89
3943,B6,5,2005,5/9/2005,0,Bonne,17.9,37.28,92.6,7.86
3953,B1,5,2005,5/17/2005,10,Bonne,18.15,37.61,88.3,7.93
3954,B2,5,2005,5/17/2005,0,Bonne,18.2366666666667,37.6366666666667,83.2666666666667,7.92333333333333
3955,B3,5,2005,5/17/2005,0,Bonne,18.18,37.59,95.1,7.95
3957,B4,5,2005,5/17/2005,32,Bonne,18.0866666666667,37.6233333333333,102.5,7.98333333333333
3958,B5,5,2005,5/17/2005,0,Bonne,18.23,37.65,88.8,7.94
3959,B6,5,2005,5/17/2005,0,Bonne,18.195,37.5,85.9,7.93
3969,B1,5,2005,5/23/2005,0,Bonne,18.79,37.59,105.6,7.99
3970,B2,5,2005,5/23/2005,0,Bonne,18.76,37.62,101.2,7.97
3971,B3,5,2005,5/23/2005,10,Bonne,18.72,37.64,101.7,7.96
3973,B4,5,2005,5/23/2005,0,Bonne,18.76,37.59,106,7.98
3974,B5,5,2005,5/23/2005,0,Bonne,18.5,37.66,99.5,7.96
3975,B6,5,2005,5/23/2005,0,Bonne,18.6,37.62,101.8,7.95
3985,B1,5,2005,5/30/2005,0,Bonne,21.365,37.455,107.4,7.98
3986,B2,5,2005,5/30/2005,0,Bonne,21.49,37.54,103.5,7.97333333333333
3987,B3,5,2005,5/30/2005,0,Bonne,21.39,37.475,100.25,7.96
3989,B4,5,2005,5/31/2005,0,Bonne,21.45,37.5933333333333,109.766666666667,8
3990,B5,5,2005,5/30/2005,0,Bonne,21.415,37.58,104.8,7.98
3991,B6,5,2005,5/31/2005,0,Bonne,21.2966666666667,37.5866666666667,105.733333333333,7.98333333333333
4001,B1,6,2005,6/6/2005,0,Bonne,22.11,37.49,101.2,8
4002,B2,6,2005,6/6/2005,10,Bonne,22.15,37.49,91.3,7.95
4003,B3,6,2005,6/6/2005,10,Bonne,22.17,37.47,100.5,8.01
4005,B4,6,2005,6/6/2005,0,Bonne,22.11,37.54,104.4,8.05
4006,B5,6,2005,6/6/2005,10,Bonne,22.17,37.49,102.5,8.02
4007,B6,6,2005,6/6/2005,0,Bonne,22.15,37.56,100.5,8.03
4017,B1,6,2005,6/13/2005,0,Bonne,19.02,37.86,97.3,7.96
4018,B2,6,2005,6/13/2005,0,Bonne,19.27,37.8233333333333,83.7,7.90333333333333
4019,B3,6,2005,6/13/2005,10,Bonne,19.335,37.85,99.3,7.96
4021,B4,6,2005,6/13/2005,0,Bonne,18.995,37.915,96.5,7.96
4022,B5,6,2005,6/13/2005,0,Bonne,19.02,37.93,90.3,7.93
4023,B6,6,2005,6/13/2005,0,Bonne,19.14,37.81,99.5,7.97
4033,B1,6,2005,6/20/2005,0,Bonne,22.57,37.81,88.3,7.98
4034,B2,6,2005,6/20/2005,0,Bonne,22.81,37.91,73.4,7.92
4035,B3,6,2005,6/20/2005,0,Bonne,22.58,37.88,85.5,7.97
4037,B4,6,2005,6/20/2005,10,Bonne,22.79,37.88,94,8.03
4038,B5,6,2005,6/20/2005,0,Bonne,22.7,37.84,88.1,7.98
4039,B6,6,2005,6/20/2005,43,Bonne,22.73,37.84,87.5,7.98
4049,B1,6,2005,6/27/2005,21,Bonne,25.01,37.43,101.6,8.02
4050,B2,6,2005,6/27/2005,32,Bonne,25.02,37.65,79,7.94
4051,B3,6,2005,6/27/2005,0,Bonne,25.09,37.44,99.2,8.01
4053,B4,6,2005,6/27/2005,0,Bonne,25.23,37.67,102.5,8.05
4054,B5,6,2005,6/27/2005,0,Bonne,25.31,37.63,100.4,8.03
4055,B6,6,2005,6/27/2005,0,Bonne,25.33,37.61,103.6,8.04
4065,B1,7,2005,7/4/2005,21,Bonne,24.74,38.07,86.1,7.97
4066,B2,7,2005,7/4/2005,32,Bonne,24.88,38.09,75.3,7.95
4067,B3,7,2005,7/4/2005,0,Bonne,24.77,38.12,78.4,7.97
4069,B4,7,2005,7/4/2005,0,Bonne,24.57,38.16,77.7,7.99
4070,B5,7,2005,7/4/2005,0,Bonne,24.73,38.13,84.5,8
4071,B6,7,2005,7/4/2005,0,Bonne,24.73,38.13,69.3,7.94
4081,B1,7,2005,7/11/2005,0,Bonne,23.4,38.04,96.5,8.02
4082,B2,7,2005,7/11/2005,0,Bonne,23.49,38.01,72.9,7.93
4083,B3,7,2005,7/11/2005,21,Bonne,23.46,38.01,88.4,7.98
4085,B4,7,2005,7/11/2005,0,Bonne,23.29,38.06,97,8.02
4086,B5,7,2005,7/11/2005,0,Bonne,23.48,38.08,80.6,7.96
4087,B6,7,2005,7/11/2005,0,Bonne,23.45,38.06,80.3,7.96
4097,B1,7,2005,7/18/2005,10,Bonne,24.91,38,81.6,7.92
4098,B2,7,2005,7/18/2005,43,Bonne,25.05,38.06,69.4,7.85
4099,B3,7,2005,7/18/2005,146,Moyenne,24.95,38.05,75.8,7.91
4101,B4,7,2005,7/18/2005,0,Bonne,24.91,38.02,90.2,7.94
4102,B5,7,2005,7/18/2005,0,Bonne,24.87,37.99,81.7,7.94
4103,B6,7,2005,7/18/2005,0,Bonne,24.96,38.02,68.3,7.92
4113,B1,7,2005,7/25/2005,0,Bonne,25.54,37.91,98.5,8.03
4114,B2,7,2005,7/25/2005,43,Bonne,25.52,38.18,52.6,7.9
4115,B3,7,2005,7/25/2005,10,Bonne,25.5,38.16,94.6,8.01
4117,B4,7,2005,7/25/2005,0,Bonne,25.47,38.2,100.9,7.98
4118,B5,7,2005,7/25/2005,10,Bonne,25.4,38.2,76.6,8.04
4119,B6,7,2005,7/25/2005,0,Bonne,25.37,38.19,75,7.96
4129,B1,8,2005,8/1/2005,0,Bonne,26.06,38.54,96.3,8.37
4130,B2,8,2005,8/1/2005,10,Bonne,26.28,38.54,74.4,8.2
4131,B3,8,2005,8/1/2005,10,Bonne,26.1,38.58,79.4,8.34
4133,B4,8,2005,8/1/2005,0,Bonne,26.04,38.56,80,8.62
4134,B5,8,2005,8/1/2005,0,Bonne,26.13,38.54,73.6,8.36
4135,B6,8,2005,8/1/2005,21,Bonne,26.14,38.59,68.6,8.4
4145,B1,8,2005,8/8/2005,0,Bonne,24.91,38.78,86.2,8.18
4146,B2,8,2005,8/8/2005,21,Bonne,25,38.74,88.2,8.2
4147,B3,8,2005,8/8/2005,10,Bonne,24.98,38.73,78.7,8.21
4149,B4,8,2005,8/8/2005,0,Bonne,24.93,38.79,92,8.21
4150,B5,8,2005,8/8/2005,10,Bonne,24.88,38.77,86.1,8.21
4151,B6,8,2005,8/8/2005,0,Bonne,24.93,38.73,77.9,8.16
4161,B1,8,2005,8/16/2005,0,Bonne,24.46,38.63,91,8.35
4162,B2,8,2005,8/16/2005,21,Bonne,24.45,38.64,74.2,8.24
4163,B3,8,2005,8/16/2005,0,Bonne,24.5,38.63,83.5,8.29
4165,B4,8,2005,8/16/2005,0,Bonne,24.44,38.64,90.7,8.38
4166,B5,8,2005,8/16/2005,0,Bonne,24.44,38.64,78.7,8.32
4167,B6,8,2005,8/16/2005,0,Bonne,24.47,38.65,67.8,8.25
4177,B1,8,2005,8/22/2005,0,Bonne,24.15,38.57,80.2,7.37
4178,B2,8,2005,8/22/2005,32,Bonne,24.17,38.53,66.4,7.37
4179,B3,8,2005,8/22/2005,0,Bonne,24.07,38.46,76.8,7.88
4181,B4,8,2005,8/22/2005,0,Bonne,24.12,38.53,85.6,7.77
4182,B5,8,2005,8/22/2005,0,Bonne,24.02,38.48,68.2,7.71
4183,B6,8,2005,8/22/2005,0,Bonne,23.97,38.51,68.3,7.53
4193,B1,8,2005,8/29/2005,10,Bonne,24.03,38.2,87.1,8.83
4194,B2,8,2005,8/29/2005,0,Bonne,24.14,37.75,76.3,8.05
4195,B3,8,2005,8/29/2005,0,Bonne,24.16,37.78,87.6,8.22
4197,B4,8,2005,8/29/2005,0,Bonne,24.18,37.86,93.4,8.26
4198,B5,8,2005,8/29/2005,0,Bonne,24.17,37.98,78.1,8.4
4199,B6,8,2005,8/29/2005,0,Bonne,24.16,38.23,76.5,8.93
4209,B1,9,2005,9/5/2005,390,Moyenne,24.33,38.72,102,9.74
4210,B2,9,2005,9/5/2005,345,Moyenne,24.44,38.74,98.3,9.69
4211,B3,9,2005,9/5/2005,65,Bonne,24.33,38.73,97,9.72
4213,B4,9,2005,9/5/2005,0,Bonne,24.32,38.75,96.9,9.79
4214,B5,9,2005,9/5/2005,0,Bonne,24.36,38.75,95.7,9.69
4215,B6,9,2005,9/5/2005,0,Bonne,24.32,38.75,99.9,9.76
4225,B1,9,2005,9/12/2005,10,Bonne,22.79,38.3,92.3,8.41070707070707
4226,B2,9,2005,9/12/2005,10,Bonne,22.95,38.32,98.7,8.42421052631579
4227,B3,9,2005,9/12/2005,21,Bonne,22.85,38.29,98,8.4092
4229,B4,9,2005,9/12/2005,0,Bonne,22.96,38.37,100.4,8.42030303030303
4230,B5,9,2005,9/12/2005,21,Bonne,22.76,38.08,96.5,8.3975
4231,B6,9,2005,9/12/2005,0,Bonne,22.72,38.22,95.9,8.38060606060606
4241,B1,9,2005,9/19/2005,0,Bonne,22.89,38.51,89,8.43
4242,B2,9,2005,9/19/2005,0,Bonne,22.75,38.48,72.8,8.37
4243,B3,9,2005,9/19/2005,0,Bonne,22.83,38.49,87,8.4
4245,B4,9,2005,9/19/2005,0,Bonne,22.82,38.5,89.8,8.41
4246,B5,9,2005,9/19/2005,0,Bonne,22.76,38.48,84.6,8.42
4247,B6,9,2005,9/19/2005,0,Bonne,22.82,38.48,76.4,8.36
4257,B1,9,2005,9/26/2005,10,Bonne,22.52,38.4,93.6,8.59
4258,B2,9,2005,9/26/2005,21,Bonne,22.45,38.37,86.4,8.58
4259,B3,9,2005,9/26/2005,316,Moyenne,22.46,38.37,88.1,8.58
4261,B4,9,2005,9/26/2005,0,Bonne,22.49,38.4,87.3,8.58
4262,B5,9,2005,9/26/2005,10,Bonne,22.44,38.36,87.3,8.44
4263,B6,9,2005,9/26/2005,10,Bonne,22.36,38.39,84,8.55
4273,B1,10,2005,10/24/2005,10,Bonne,19.95,38.38,101.7,8.25
4274,B2,10,2005,10/24/2005,43,Bonne,19.75,38.41,85.8,8.19
4275,B3,10,2005,10/24/2005,10,Bonne,19.68,38.35,93.1,8.19
4277,B4,10,2005,10/24/2005,0,Bonne,19.84,38.48,99.5,8.24
4278,B5,10,2005,10/24/2005,0,Bonne,19.82,38.4,101.6,8.24
4279,B6,10,2005,10/24/2005,0,Bonne,19.62,38.47,98.2,8.18
4289,B1,11,2005,11/21/2005,0,Bonne,17.33,39.1,106.7,8.09
4290,B2,11,2005,11/21/2005,0,Bonne,17.92,38.3,96.1,8.08
4291,B3,11,2005,11/21/2005,0,Bonne,18.08,38.36,95.8,8.09
4293,B4,11,2005,11/21/2005,0,Bonne,16.87,38.5,104.4,8.09
4294,B5,11,2005,11/21/2005,0,Bonne,17.82,38.37,101,8.08
4295,B6,11,2005,11/21/2005,10,Bonne,17.88,38.46,99.6,8.07
4305,B1,12,2005,12/19/2005,43,Bonne,14.67,38.02,95,8.07
4306,B2,12,2005,12/19/2005,43,Bonne,14.18,38.03,94.1,8.06
4307,B3,12,2005,12/19/2005,110,Moyenne,14.5,38.02,95.5,8.06
4309,B4,12,2005,12/19/2005,87,Bonne,14.58,38.02,93.7,8.06
4310,B5,12,2005,12/19/2005,32,Bonne,14.16,38.04,95.4,8.06
4311,B6,12,2005,12/19/2005,53,Bonne,14.31,38.04,93.9,8.05
4321,B1,2,2006,2/2/2006,0,Bonne,12.79,38.03,107,6.17
4322,B2,2,2006,2/2/2006,0,Bonne,12.71,38.07,105.3,6.21
4323,B3,2,2006,2/2/2006,0,Bonne,12.65,38.06,103.7,6.19
4325,B4,2,2006,2/2/2006,10,Bonne,12.64,38.05,103.1,6.16
4326,B5,2,2006,2/2/2006,0,Bonne,14.44,36.46,97.4,6.2
4327,B6,2,2006,2/2/2006,0,Bonne,12.63,38.21,103.6,6.17
4337,B1,3,2006,3/13/2006,0,Bonne,12.45,38.35,105,6.27
4338,B2,3,2006,3/13/2006,0,Bonne,12.43,38.4,109.1,6.28
4339,B3,3,2006,3/13/2006,0,Bonne,12.35,38.41,105.4,6.29
4341,B4,3,2006,3/13/2006,0,Bonne,12.48,38.38,104.6,6.25
4342,B5,3,2006,3/13/2006,0,Bonne,12.16,38.41,104.8,6.28
4343,B6,3,2006,3/13/2006,0,Bonne,12.35,38.41,107.9,6.29
4353,B1,4,2006,4/24/2006,0,Bonne,15.51,37.72,105.1,7.9
4354,B2,4,2006,4/24/2006,0,Bonne,15.62,37.72,104.2,7.89
4355,B3,4,2006,4/24/2006,0,Bonne,15.74,37.7,104.4,7.9
4357,B4,4,2006,4/24/2006,0,Bonne,15.55,37.69,106.3,7.92
4358,B5,4,2006,4/24/2006,0,Bonne,15.51,37.74,104.3,7.9
4359,B6,4,2006,4/24/2006,0,Bonne,15.54,37.69,104.8,7.92
4369,B1,5,2006,5/3/2006,0,Bonne,17.16,37.84,99.9,7.91
4370,B2,5,2006,5/3/2006,0,Bonne,17.2,37.92,103.7,7.93
4371,B3,5,2006,5/3/2006,0,Bonne,17.16,37.93,92.2,7.88
4373,B4,5,2006,5/3/2006,0,Bonne,17.04,37.9,103.8,7.91
4374,B5,5,2006,5/3/2006,0,Bonne,17.12,37.93,99.2,7.9
4375,B6,5,2006,5/3/2006,0,Bonne,17.15,37.95,100.6,7.88
4385,B1,5,2006,5/8/2006,0,Bonne,17.39,37.97,106.5,7.95
4386,B2,5,2006,5/8/2006,32,Bonne,17.27,37.96,96.1,7.91
4387,B3,5,2006,5/8/2006,0,Bonne,17.34,37.91,103.7,7.94
4389,B4,5,2006,5/8/2006,0,Bonne,17.38,38.03,109.2,7.95
4390,B5,5,2006,5/8/2006,0,Bonne,17.24,38,95.6,7.91
4391,B6,5,2006,5/8/2006,0,Bonne,17.34,37.99,99.2,7.92
4401,B1,5,2006,5/15/2006,10,Bonne,17.77,37.92,106,7.92
4402,B2,5,2006,5/15/2006,0,Bonne,17.99,38.01,92.6,7.88
4403,B3,5,2006,5/15/2006,0,Bonne,17.93,37.93,104.5,7.92
4405,B4,5,2006,5/15/2006,10,Bonne,17.95,37.96,112.3,7.95
4406,B5,5,2006,5/15/2006,0,Bonne,17.9,38.03,103.2,7.9
4407,B6,5,2006,5/15/2006,0,Bonne,17.69,38.09,94.8,7.87
4417,B1,5,2006,5/22/2006,0,Bonne,18.99,38.05,110,8.19
4418,B2,5,2006,5/22/2006,0,Bonne,19.3,38.08,109,8.21
4419,B3,5,2006,5/22/2006,0,Bonne,19.03,38.06,108.8,8.2
4421,B4,5,2006,5/22/2006,0,Bonne,18.94,38.08,109.9,8.14
4422,B5,5,2006,5/22/2006,0,Bonne,19.02,38.06,108.6,8.22
4423,B6,5,2006,5/22/2006,0,Bonne,19.01,38.07,109.2,8.2
4433,B1,5,2006,5/29/2006,0,Bonne,21.14,37.77,98.3,8.01
4434,B2,5,2006,5/29/2006,10,Bonne,21.25,37.89,85,7.92
4435,B3,5,2006,5/29/2006,0,Bonne,21.2,37.68,96.5,8
4437,B4,5,2006,5/29/2006,0,Bonne,21.17,38.01,103.7,8.13
4438,B5,5,2006,5/29/2006,0,Bonne,21.19,37.96,84,7.96
4439,B6,5,2006,5/29/2006,0,Bonne,21.12,37.98,88.6,8.01
4449,B1,6,2006,6/6/2006,0,Bonne,18.57,37.82,60.9,8.31
4450,B2,6,2006,6/6/2006,0,Bonne,18.66,37.78,59.7,8.32
4451,B3,6,2006,6/6/2006,0,Bonne,18.8,37.88,60.1,8.29
4453,B4,6,2006,6/6/2006,0,Bonne,18.61,37.93,62.5,8.33
4454,B5,6,2006,6/6/2006,0,Bonne,18.57,37.88,61.4,8.33
4455,B6,6,2006,6/6/2006,0,Bonne,18.59,37.88,64.7,8.19
4465,B1,6,2006,6/12/2006,0,Bonne,20.2,37.97,94.2,8.05
4466,B2,6,2006,6/12/2006,10,Bonne,20.33,37.97,86.1,8.02
4467,B3,6,2006,6/12/2006,0,Bonne,20.11,37.99,89.2,8.03
4469,B4,6,2006,6/12/2006,0,Bonne,20.16,37.99,98.9,8.05
4470,B5,6,2006,6/12/2006,0,Bonne,20.36,37.99,90,8.02
4471,B6,6,2006,6/12/2006,0,Bonne,20.14,37.99,96.2,8.07
4481,B1,6,2006,6/19/2006,0,Bonne,20.52,38.02,99.2,8.09
4482,B2,6,2006,6/19/2006,32,Bonne,20.62,37.93,99.3,8.06
4483,B3,6,2006,6/19/2006,21,Bonne,20.51,37.94,98.8,8.07
4485,B4,6,2006,6/19/2006,0,Bonne,20.58,38,101.5,8.08
4486,B5,6,2006,6/19/2006,0,Bonne,20.51,38.1,97.3,8.07
4487,B6,6,2006,6/19/2006,0,Bonne,20.57,38.1,95.9,8.08
4497,B1,6,2006,6/27/2006,10,Bonne,23.35,37.87,91.6,8.19
4498,B2,6,2006,6/27/2006,0,Bonne,23.53,37.96,76.5,7.77
4499,B3,6,2006,6/27/2006,32,Bonne,23.34,37.95,88.5,8.71
4501,B4,6,2006,6/27/2006,32,Bonne,23.24,37.99,90.9,9.85
4502,B5,6,2006,6/27/2006,0,Bonne,23.39,38.09,80.2,8.38
4503,B6,6,2006,6/27/2006,0,Bonne,23.34,38.01,85.8,9.3
4513,B1,7,2006,7/3/2006,0,Bonne,25.04,37.89,87.8,9.24
4514,B2,7,2006,7/3/2006,21,Bonne,25.2,37.93,76.8,8.31
4515,B3,7,2006,7/3/2006,10,Bonne,25.23,37.87,91,8.25
4517,B4,7,2006,7/3/2006,0,Bonne,25.04,37.84,96.5,9.25
4518,B5,7,2006,7/3/2006,10,Bonne,25.14,37.83,86.4,8.79
4519,B6,7,2006,7/3/2006,0,Bonne,25.24,37.83,93,8.38
4529,B1,7,2006,7/10/2006,0,Bonne,24.52,37.81,82.7,8.11
4530,B2,7,2006,7/10/2006,65,Bonne,24.61,37.89,76.4,8.04
4531,B3,7,2006,7/10/2006,10,Bonne,24.65,37.72,81.9,8.04
4533,B4,7,2006,7/10/2006,0,Bonne,24.72,37.6,92.6,10.72
4534,B5,7,2006,7/10/2006,10,Bonne,24.51,37.82,82.2,8.02
4535,B6,7,2006,7/10/2006,0,Bonne,24.66,37.86,80.3,8.07
4545,B1,7,2006,7/17/2006,0,Bonne,26.1933333333333,37.8966666666667,81.3333333333333,7.94
4546,B2,7,2006,7/17/2006,0,Bonne,26.355,37.865,54.7,8.565
4547,B3,7,2006,7/17/2006,0,Bonne,26.19,37.8933333333333,66.8333333333333,7.84
4549,B4,7,2006,7/17/2006,0,Bonne,26.16,37.8833333333333,88.0666666666667,7.96
4550,B5,7,2006,7/17/2006,0,Bonne,26.2033333333333,37.8966666666667,68.8,8.03
4551,B6,7,2006,7/17/2006,0,Bonne,26.16,37.8933333333333,75.1666666666667,8.02
4561,B1,7,2006,7/24/2006,0,Bonne,27.422,38.29,86.08,8.03
4562,B2,7,2006,7/24/2006,76,Bonne,27.46,38.25,65.9,8.0025
4563,B3,7,2006,7/24/2006,10,Bonne,27.45,38.33,85.95,7.96333333333333
4565,B4,7,2006,7/24/2006,10,Bonne,27.43,38.28,70.1333333333333,8.085
4566,B5,7,2006,7/24/2006,10,Bonne,27.4175,38.32,69.35,8.022
4567,B6,7,2006,7/24/2006,0,Bonne,27.51,38.36,63.95,7.97833333333333
4577,B1,7,2006,7/31/2006,10,Bonne,27.1166666666667,38.61,84.4333333333333,0
4578,B2,7,2006,7/31/2006,32,Bonne,27.1475,38.57,67.875,0
4579,B3,7,2006,7/31/2006,0,Bonne,27.1833333333333,38.57,90.8,0
4581,B4,7,2006,7/31/2006,0,Bonne,27.1733333333333,38.64,71.6666666666667,0
4582,B5,7,2006,7/31/2006,21,Bonne,27.22,38.69,66.35,0
4583,B6,7,2006,7/31/2006,32,Bonne,27.2025,38.66,74.925,0
4593,B1,8,2006,8/7/2006,10,Bonne,24.31,38.4,101.6,0
4594,B2,8,2006,8/7/2006,0,Bonne,24.33,38.5,91.9,0
4595,B3,8,2006,8/7/2006,0,Bonne,24.29,38.34,98.4,0
4597,B4,8,2006,8/7/2006,10,Bonne,24.24,38.3,101,0
4598,B5,8,2006,8/7/2006,0,Bonne,24.24,38.47,98.5,0
4599,B6,8,2006,8/7/2006,0,Bonne,24.24,38.38,96.6,0
4609,B1,8,2006,8/16/2006,0,Bonne,23.6366666666667,38.4866666666667,78.8,0
4610,B2,8,2006,8/16/2006,0,Bonne,23.6,38.455,74.9,0
4611,B3,8,2006,8/16/2006,10,Bonne,23.61,38.47,76.8,0
4613,B4,8,2006,8/16/2006,0,Bonne,23.5866666666667,38.4633333333333,76.6666666666667,0
4614,B5,8,2006,8/16/2006,0,Bonne,23.54,38.46,79.8333333333333,0
4615,B6,8,2006,8/16/2006,10,Bonne,23.5766666666667,38.4466666666667,78.0333333333333,0
4625,B1,8,2006,8/21/2006,0,Bonne,23.8633333333333,38.3666666666667,90.4,0
4626,B2,8,2006,8/21/2006,21,Bonne,24.0433333333333,38.3533333333333,84.3,0
4627,B3,8,2006,8/21/2006,0,Bonne,23.94,38.3633333333333,85.6333333333333,0
4629,B4,8,2006,8/21/2006,0,Bonne,23.82,38.4133333333333,88.3666666666667,0
4630,B5,8,2006,8/21/2006,0,Bonne,23.9133333333333,38.4133333333333,96.4333333333333,0
4631,B6,8,2006,8/21/2006,0,Bonne,23.9,38.36,81.8,0
4641,B1,8,2006,8/28/2006,10,Bonne,23.4933333333333,38.4766666666667,83.5666666666667,7.97
4642,B2,8,2006,8/28/2006,0,Bonne,23.45,38.46,70.2,7.84333333333333
4643,B3,8,2006,8/28/2006,0,Bonne,23.4133333333333,38.4666666666667,79.7,7.9
4645,B4,8,2006,8/28/2006,0,Bonne,23.47,38.4766666666667,90.8,8.06
4646,B5,8,2006,8/28/2006,21,Bonne,23.5433333333333,38.46,77.6,7.90666666666667
4647,B6,8,2006,8/28/2006,0,Bonne,23.5133333333333,38.5033333333333,69.6333333333333,7.92
4657,B1,9,2006,9/4/2006,0,Bonne,22.87,38.51,71.1,8.68
4658,B2,9,2006,9/4/2006,10,Bonne,22.7866666666667,38.4266666666667,60.4666666666667,8.62666666666667
4659,B3,9,2006,9/4/2006,10,Bonne,22.8933333333333,38.5066666666667,85,8.77
4661,B4,9,2006,9/4/2006,32,Bonne,22.8466666666667,38.5366666666667,81.6,8.71333333333333
4662,B5,9,2006,9/4/2006,10,Bonne,22.8666666666667,38.53,72.7666666666667,8.63666666666667
4663,B6,9,2006,9/4/2006,32,Bonne,22.82,38.5433333333333,76.2333333333333,8.67666666666667
4673,B1,9,2006,9/11/2006,0,Bonne,23.04,38.53,93.5333333333333,8.25
4674,B2,9,2006,9/11/2006,0,Bonne,23.01,38.4966666666667,69.4333333333333,8.10666666666667
4675,B3,9,2006,9/11/2006,10,Bonne,23.06,38.4566666666667,92.6,8.42
4677,B4,9,2006,9/11/2006,0,Bonne,23.03,38.44,94.7333333333333,8.15666666666667
4678,B5,9,2006,9/11/2006,0,Bonne,22.96,38.5033333333333,75.5666666666667,8.14333333333333
4679,B6,9,2006,9/11/2006,10,Bonne,23.0866666666667,38.53,74.1,8.12666666666667
4689,B1,9,2006,9/18/2006,21,Bonne,22.1633333333333,38.0866666666667,85,8.23333333333333
4690,B2,9,2006,9/18/2006,10,Bonne,22.1166666666667,38.06,76.6333333333333,8.70333333333333
4691,B3,9,2006,9/18/2006,10,Bonne,22.19,38.11,84.1,8.24666666666667
4693,B4,9,2006,9/18/2006,32,Bonne,22.1166666666667,38.0733333333333,85.2666666666667,8.35666666666667
4694,B5,9,2006,9/18/2006,0,Bonne,22.0466666666667,38.07,76.5333333333333,8.22333333333333
4695,B6,9,2006,9/18/2006,10,Bonne,22.19,38.1233333333333,78.1333333333333,8.24333333333333
4705,B1,9,2006,9/27/2006,21,Bonne,22.03,38.18,86.9,7.85
4706,B2,9,2006,9/27/2006,32,Bonne,22.01,38.16,76,7.76
4707,B3,9,2006,9/27/2006,10,Bonne,22,38.15,82.2,7.79
4709,B4,9,2006,9/27/2006,0,Bonne,21.93,38.2,83.5,7.8
4710,B5,9,2006,9/27/2006,10,Bonne,21.95,38.14,76.1,7.77
4711,B6,9,2006,9/27/2006,0,Bonne,21.95,38.13,73.1,7.7
4721,B1,10,2006,10/25/2006,53,Bonne,20.4766666666667,38.3233333333333,98.9,8.13333333333333
4722,B2,10,2006,10/25/2006,65,Bonne,20.24,38.5566666666667,88.2333333333333,8.09666666666667
4723,B3,10,2006,10/25/2006,0,Bonne,20.3633333333333,38.55,91.1,8.11
4725,B4,10,2006,10/25/2006,0,Bonne,20.3733333333333,38.5666666666667,92.3,8.10666666666667
4726,B5,10,2006,10/25/2006,10,Bonne,20.1733333333333,38.5533333333333,84.4,8.07333333333333
4727,B6,10,2006,10/25/2006,0,Bonne,20.2033333333333,38.5433333333333,83.8,8.1
4737,B1,11,2006,11/13/2006,10,Bonne,19.3,38.33,98.6,8.2
4738,B2,11,2006,11/13/2006,0,Bonne,19.1,38.54,92.7,8.15
4739,B3,11,2006,11/13/2006,0,Bonne,19.04,38.44,94.6,8.15
4741,B4,11,2006,11/13/2006,0,Bonne,19.21,38.52,97,8.2
4742,B5,11,2006,11/13/2006,10,Bonne,18.89,38.49,97.1,8.14
4743,B6,11,2006,11/13/2006,0,Bonne,19.09,38.47,92.4,8.16
4753,B1,12,2006,12/18/2006,32,Bonne,16.9,38.24,98,6.59
4754,B2,12,2006,12/18/2006,0,Bonne,16.96,38.22,96.9,6.8
4755,B3,12,2006,12/18/2006,0,Bonne,16.72,38.1,96.5,7.35
4757,B4,12,2006,12/18/2006,10,Bonne,17,38.17,85.3,7.05
4758,B5,12,2006,12/18/2006,0,Bonne,16.8,38.2,95.7,7.01
4759,B6,12,2006,12/18/2006,0,Bonne,16.68,38.11,98.2,7.1
4769,B1,1,2007,1/15/2007,32,Bonne,15.29,38.1933333333333,87.7333333333334,8.10333333333333
4770,B2,1,2007,1/15/2007,0,Bonne,15.22,38.19,85.6,8.09
4771,B3,1,2007,1/15/2007,0,Bonne,15.2166666666667,38.1633333333333,85.7666666666666,8.09
4773,B4,1,2007,1/15/2007,21,Bonne,15.54,38.2933333333333,94.4333333333333,8.15666666666667
4774,B5,1,2007,1/15/2007,10,Bonne,15.0866666666667,38.1466666666667,89.9,8.08666666666667
4775,B6,1,2007,1/15/2007,10,Bonne,15.2066666666667,38.2133333333333,88.2333333333333,8.11
4785,B1,,2007,,,,,,,
4786,B2,,2007,,,,,,,
4787,B3,,2007,,,,,,,
4789,B4,,2007,,,,,,,
4790,B5,,2007,,,,,,,
4791,B6,,2007,,,,,,,
4801,B1,,2007,,,,,,,
4802,B2,,2007,,,,,,,
4803,B3,,2007,,,,,,,
4805,B4,,2007,,,,,,,
4806,B5,,2007,,,,,,,
4807,B6,,2007,,,,,,,
4817,B1,4,2007,4/23/2007,10,Bonne,17.44,37.5,104.933333333333,8.09666666666667
4818,B2,4,2007,4/23/2007,0,Bonne,17.42,37.5466666666667,95.9666666666667,8.07
4819,B3,4,2007,4/23/2007,10,Bonne,17.2966666666667,37.3733333333333,97.4666666666667,8.07666666666667
4821,B4,4,2007,4/23/2007,0,Bonne,17.6233333333333,37.4233333333333,109.7,8.10333333333333
4822,B5,4,2007,4/23/2007,0,Bonne,17.36,37.42,104.8,8.1
4823,B6,4,2007,4/23/2007,0,Bonne,17.52,37.325,104.7,8.095
4833,B1,5,2007,5/2/2007,288,Moyenne,18.95,37.4333333333333,86.2,8.05
4834,B2,5,2007,5/2/2007,0,Bonne,19.1233333333333,37.5833333333333,79,8.04333333333333
4835,B3,5,2007,5/2/2007,0,Bonne,18.9066666666667,37.5233333333333,97.4666666666667,8.09333333333333
4837,B4,5,2007,5/2/2007,0,Bonne,18.8633333333333,37.57,90.1333333333333,8.06
4838,B5,5,2007,5/2/2007,0,Bonne,19,37.6166666666667,86.3666666666667,8.06666666666667
4839,B6,5,2007,5/2/2007,0,Bonne,18.9866666666667,37.5933333333333,94.9666666666667,8.08
4849,B1,5,2007,5/7/2007,10,Bonne,17.9466666666667,37.5133333333333,107.066666666667,8.11666666666667
4850,B2,5,2007,5/7/2007,0,Bonne,18.08,37.53,93.7666666666667,8.08
4851,B3,5,2007,5/7/2007,0,Bonne,18.1466666666667,37.5133333333333,104.066666666667,8.11
4853,B4,5,2007,5/7/2007,0,Bonne,17.9433333333333,37.5333333333333,109.533333333333,8.13
4854,B5,5,2007,5/7/2007,0,Bonne,18.0633333333333,37.5666666666667,101.533333333333,8.1
4855,B6,5,2007,5/7/2007,0,Bonne,18.1033333333333,37.5866666666667,96.9,8.08
4865,B1,5,2007,5/14/2007,0,Bonne,20.5366666666667,37.45,82.8,8.01666666666667
4866,B2,5,2007,5/14/2007,10,Bonne,20.74,37.48,64.4,7.95
4867,B3,5,2007,5/14/2007,0,Bonne,20.5966666666667,37.5133333333333,81.3666666666667,8.02
4869,B4,5,2007,5/14/2007,0,Bonne,20.5333333333333,37.5233333333333,83.1,8.01666666666667
4870,B5,5,2007,5/14/2007,10,Bonne,20.6066666666667,37.5133333333333,77.4,8.01
4871,B6,5,2007,5/14/2007,0,Bonne,20.6133333333333,37.54,78.4333333333333,8.01333333333333
4881,B1,5,2007,5/21/2007,53,Bonne,20.2,37.2866666666667,89.3333333333333,8.07
4882,B2,5,2007,5/21/2007,0,Bonne,20.43,37.56,78.8333333333333,8.04
4883,B3,5,2007,5/21/2007,0,Bonne,20.2833333333333,37.3133333333333,84.2,8.05
4885,B4,5,2007,5/21/2007,87,Bonne,20.2366666666667,37.42,92.9666666666667,8.09
4886,B5,5,2007,5/21/2007,0,Bonne,20.4966666666667,37.35,90.3666666666667,8.08
4887,B6,5,2007,5/21/2007,0,Bonne,20.3366666666667,37.3433333333333,86.1666666666667,8.07666666666667
4897,B1,5,2007,5/29/2007,0,Bonne,17.54,37.86,102.3,8.09
4898,B2,5,2007,5/29/2007,0,Bonne,17.52,37.87,103.2,8.11
4899,B3,5,2007,5/29/2007,0,Bonne,17.34,37.84,101,8.1
4901,B4,5,2007,5/29/2007,0,Bonne,17.38,37.86,107.1,8.07
4902,B5,5,2007,5/29/2007,10,Bonne,17.32,37.89,107.3,8.1
4903,B6,5,2007,5/29/2007,0,Bonne,17.39,37.87,101.1,8.08
4913,B1,6,2007,6/4/2007,53,Bonne,19.5066666666667,37.81,88.5333333333334,8.04666666666667
4914,B2,6,2007,6/4/2007,10,Bonne,19.66,37.82,89.2,8.06
4915,B3,6,2007,6/4/2007,21,Bonne,19.6066666666667,37.5333333333333,95.4666666666667,8.07
4917,B4,6,2007,6/4/2007,10,Bonne,19.4766666666667,37.8366666666667,85.2,8.02333333333333
4918,B5,6,2007,6/4/2007,0,Bonne,19.5166666666667,37.8033333333333,96.0333333333334,8.07
4919,B6,6,2007,6/4/2007,0,Bonne,19.61,37.84,85.1333333333333,8.03333333333333
4929,B1,6,2007,6/11/2007,0,Bonne,21.3666666666667,37.1033333333333,91.2,8.07333333333333
4930,B2,6,2007,6/11/2007,0,Bonne,21.8433333333333,37.1233333333333,88.3666666666667,8.07
4931,B3,6,2007,6/11/2007,0,Bonne,21.4966666666667,37.0166666666667,87.4,8.06666666666667
4933,B4,6,2007,6/11/2007,0,Bonne,21.36,37.1433333333333,96.1,8.09
4934,B5,6,2007,6/11/2007,0,Bonne,21.45,37.1833333333333,92.1666666666667,8.07666666666667
4935,B6,6,2007,6/11/2007,0,Bonne,21.5333333333333,37.0566666666667,94.9666666666667,8.08666666666667
4945,B1,6,2007,6/18/2007,0,Bonne,21.25,37.48,93.1,8.01
4946,B2,6,2007,6/18/2007,0,Bonne,21.5,37.55,79.1,7.96
4947,B3,6,2007,6/18/2007,0,Bonne,21.38,37.45,92.1,8.01
4949,B4,6,2007,6/18/2007,0,Bonne,21.15,37.56,98.7,8.03
4950,B5,6,2007,6/18/2007,0,Bonne,21.28,37.56,93.1,8.01
4951,B6,6,2007,6/18/2007,0,Bonne,21.23,37.58,82,7.98
4961,B1,6,2007,6/25/2007,0,Bonne,21.8566666666667,37.87,90.2333333333334,8
4962,B2,6,2007,6/25/2007,10,Bonne,22.0066666666667,37.8533333333333,86.9333333333333,7.98
4963,B3,6,2007,6/25/2007,10,Bonne,21.93,37.8666666666667,85.9666666666667,7.99
4965,B4,6,2007,6/25/2007,0,Bonne,21.82,37.86,88.8333333333333,8.00666666666667
4966,B5,6,2007,6/25/2007,0,Bonne,21.9033333333333,37.87,84.3666666666667,7.98
4967,B6,6,2007,6/25/2007,0,Bonne,21.9666666666667,37.8766666666667,80.2666666666667,7.97
4977,B1,7,2007,7/2/2007,0,Bonne,22.53,37.7066666666667,103.166666666667,8.08333333333333
4978,B2,7,2007,7/2/2007,0,Bonne,22.6333333333333,37.6766666666667,103.333333333333,8.07666666666667
4979,B3,7,2007,7/2/2007,10,Bonne,22.56,37.6775,101.75,8.0025
4981,B4,7,2007,7/2/2007,0,Bonne,22.61,37.8,99.1333333333333,8.09
4982,B5,7,2007,7/2/2007,0,Bonne,22.61,37.8266666666667,92.4666666666667,8.08
4983,B6,7,2007,7/2/2007,0,Bonne,22.6225,37.7675,99.875,8.1
4993,B1,7,2007,7/9/2007,0,Bonne,22.29,37.9499999,,8.09
4994,B2,7,2007,7/9/2007,0,Bonne,22.38,37.93,,8.06
4995,B3,7,2007,7/9/2007,0,Bonne,22.14,38.2,,7.91
4997,B4,7,2007,7/9/2007,0,Bonne,22.23,37.92,,8.06
4998,B5,7,2007,7/9/2007,0,Bonne,22.37,37.91,,8.12
4999,B6,7,2007,7/9/2007,0,Bonne,22.46,37.96,,8.08
5009,B1,7,2007,7/16/2007,0,Bonne,22.8533333333333,37.64,86.2666666666667,8.06333333333333
5010,B2,7,2007,7/16/2007,21,Bonne,23.1733333333333,37.72,85.8333333333333,8.05
5011,B3,7,2007,7/16/2007,0,Bonne,23.2266666666667,37.76,84.7,8.05333333333333
5013,B4,7,2007,7/16/2007,0,Bonne,23.0266666666667,37.71,90.1333333333333,8.05333333333333
5014,B5,7,2007,7/16/2007,0,Bonne,23.14,37.72,81.9666666666667,8.04333333333333
5015,B6,7,2007,7/16/2007,0,Bonne,23.11,37.74,89.2666666666667,8.05
5025,B1,7,2007,7/23/2007,0,Bonne,23.81,38.0066666666667,96.8,8.13
5026,B2,7,2007,7/23/2007,0,Bonne,23.9833333333333,37.9833333333333,92.4,8.12333333333333
5027,B3,7,2007,7/23/2007,0,Bonne,23.9366666666667,38.1033333333333,91.5666666666667,8.12
5029,B4,7,2007,7/23/2007,0,Bonne,23.94,38.0866666666667,99.4333333333333,8.15
5030,B5,7,2007,7/23/2007,0,Bonne,24.02,38.1,96.3666666666667,8.14666666666667
5031,B6,7,2007,7/23/2007,0,Bonne,23.9466666666667,38.0933333333333,87.6666666666667,8.10333333333333
5041,B1,7,2007,7/30/2007,0,Bonne,24.94,37.83,86.8,8.05
5042,B2,7,2007,7/30/2007,0,Bonne,24.92,37.9,84.4333333333333,8.05
5043,B3,7,2007,7/30/2007,0,Bonne,25.02,37.9266666666667,88.8,8.05333333333333
5045,B4,7,2007,7/30/2007,0,Bonne,25.0466666666667,37.7933333333333,94.1,8.07333333333333
5046,B5,7,2007,7/30/2007,0,Bonne,24.9566666666667,37.94,85.6333333333333,8.05
5047,B6,7,2007,7/30/2007,10,Bonne,25.2425,37.92,79.175,8.025
5057,B1,8,2007,8/6/2007,0,Bonne,25.3266666666667,38.0366666666667,88.2666666666666,
5058,B2,8,2007,8/6/2007,0,Bonne,25.34,38.03,67.1,
5059,B3,8,2007,8/6/2007,10,Bonne,25.42,38.04,71.8,
5061,B4,8,2007,8/6/2007,0,Bonne,25.3466666666667,38.0266666666667,82.8,
5062,B5,8,2007,8/6/2007,10,Bonne,25.4666666666667,38.0133333333333,80.3,
5063,B6,8,2007,8/6/2007,0,Bonne,25.4666666666667,38.0166666666667,63.9333333333333,
5073,B1,8,2007,8/13/2007,21,Bonne,23.03,38.0933333333333,90.6333333333333,8.10666666666667
5074,B2,8,2007,8/13/2007,182,Moyenne,23.2925,38.1425,72.95,8.095
5075,B3,8,2007,8/13/2007,0,Bonne,23.15,38.1475,85,8.1425
5077,B4,8,2007,8/13/2007,10,Bonne,23.085,38.09,91.2,8.23
5078,B5,8,2007,8/13/2007,0,Bonne,23.1833333333333,38.16,81.0666666666667,8.36333333333334
5079,B6,8,2007,8/13/2007,470,Moyenne,23.1875,38.13,80.475,8.255
5089,B1,8,2007,8/20/2007,0,Bonne,23.4866666666667,38.2333333333333,89.5666666666667,8.18333333333333
5090,B2,8,2007,8/20/2007,10,Bonne,23.5466666666667,38.2466666666667,83.6,8.19333333333333
5091,B3,8,2007,8/20/2007,0,Bonne,23.4933333333333,38.29,91.8,8.28666666666667
5093,B4,8,2007,8/20/2007,0,Bonne,23.53,38.1333333333333,94.5333333333334,8.36
5094,B5,8,2007,8/20/2007,10,Bonne,23.42,38.3166666666667,76.8333333333333,8.20333333333333
5095,B6,8,2007,8/20/2007,0,Bonne,23.52,38.1866666666667,87.7666666666667,8.29666666666667
5105,B1,8,2007,8/27/2007,0,Bonne,23.67,38.1066666666667,82.1666666666667,6.34666666666667
5106,B2,8,2007,8/27/2007,21,Bonne,23.6125,38.0925,70.1,7.135
5107,B3,8,2007,8/27/2007,0,Bonne,23.8433333333333,38.1066666666667,82.2,6.86666666666667
5109,B4,8,2007,8/27/2007,10,Bonne,23.815,38.1075,75.55,6.4575
5110,B5,8,2007,8/27/2007,0,Bonne,23.81,38.1,76.8333333333333,7.03
5111,B6,8,2007,8/27/2007,10,Bonne,23.8966666666667,38.1,75.8333333333333,6.05333333333333
5121,B1,9,2007,9/3/2007,0,Bonne,23.5633333333333,37.9266666666667,90.6666666666667,4.51333333333333
5122,B2,9,2007,9/3/2007,0,Bonne,23.6066666666667,37.98,72.4,7.51666666666667
5123,B3,9,2007,9/3/2007,10,Bonne,23.7466666666667,38.0033333333333,84.8666666666667,3.81666666666667
5125,B4,9,2007,9/3/2007,0,Bonne,23.61,38.0233333333333,91.6666666666667,5.38333333333333
5126,B5,9,2007,9/3/2007,0,Bonne,23.7,38.04,87.8,7.72333333333333
5127,B6,9,2007,9/3/2007,10,Bonne,23.71,38.06,70.8,6.91666666666667
5137,B1,9,2007,9/10/2007,0,Bonne,22.48,38.02,101.1,7.52
5138,B2,9,2007,9/10/2007,0,Bonne,22.61,38.23,87.4,7.26
5139,B3,9,2007,9/10/2007,0,Bonne,22.57,38.24,98,5.95
5141,B4,9,2007,9/10/2007,10,Bonne,22.54,38.26,103,7.2
5142,B5,9,2007,9/10/2007,0,Bonne,22.62,38.05,89.1,6.22
5143,B6,9,2007,9/10/2007,87,Bonne,22.62,38.3,87.5,6.15
5153,B1,9,2007,9/17/2007,0,Bonne,22.8,38.05,76.8,8.00666666666667
5154,B2,9,2007,9/17/2007,21,Bonne,23.0633333333333,38.12,61.4666666666667,7.96666666666667
5155,B3,9,2007,9/17/2007,21,Bonne,23,38.12,77.7666666666667,7.99666666666667
5157,B4,9,2007,9/17/2007,0,Bonne,22.89,38.15,76.3333333333333,8.00666666666667
5158,B5,9,2007,9/17/2007,10,Bonne,23.0166666666667,38.15,72.3333333333333,7.99333333333333
5159,B6,9,2007,9/17/2007,0,Bonne,22.88,38.15,72.9,7.99666666666667
5169,B1,9,2007,9/17/2007,0,Bonne,22.8,38.05,76.8,8.00666666666667
5170,B2,9,2007,9/17/2007,21,Bonne,23.0633333333333,38.12,61.4666666666667,7.96666666666667
5171,B3,9,2007,9/17/2007,21,Bonne,23,38.12,77.7666666666667,7.99666666666667
5173,B4,9,2007,9/17/2007,0,Bonne,22.89,38.15,76.3333333333333,8.00666666666667
5174,B5,9,2007,9/17/2007,10,Bonne,23.0166666666667,38.15,72.3333333333333,7.99333333333333
5175,B6,9,2007,9/17/2007,0,Bonne,22.88,38.15,72.9,7.99666666666667
5185,B1,9,2007,9/24/2007,0,Bonne,21.84,38.14,94.975,8.0875
5186,B2,9,2007,9/24/2007,0,Bonne,21.84,38.1166666666667,60.8666666666667,7.96333333333333
5187,B3,9,2007,9/24/2007,10,Bonne,21.8166666666667,38.1366666666667,72.4666666666667,8.01333333333333
5189,B4,9,2007,9/24/2007,0,Bonne,21.7833333333333,38.1533333333333,86.2666666666667,8.05333333333333
5190,B5,9,2007,9/24/2007,10,Bonne,21.7666666666667,38.14,72.8,8.01
5191,B6,9,2007,9/24/2007,0,Bonne,21.7666666666667,38.15,68.8666666666667,7.99
5201,B1,10,2007,10/15/2007,0,Bonne,20.85,38.62,95.8666666666667,8.62333333333333
5202,B2,10,2007,10/15/2007,10,Bonne,20.72,38.62,91.3333333333333,8.63666666666667
5203,B3,10,2007,10/15/2007,0,Bonne,20.7733333333333,38.6133333333333,93.9666666666667,8.68333333333333
5205,B4,10,2007,10/15/2007,0,Bonne,20.87,38.6466666666667,98.0333333333333,8.80333333333333
5206,B5,10,2007,10/15/2007,0,Bonne,20.7033333333333,38.6166666666667,87.8666666666667,8.49
5207,B6,10,2007,10/15/2007,0,Bonne,20.6733333333333,38.62,82.9333333333333,8.51333333333333
5217,B1,11,2007,11/13/2007,0,Bonne,17.5466666666667,38.5,98.3,8.36333333333333
5218,B2,11,2007,11/13/2007,10,Bonne,17.46,38.5133333333333,96.2666666666667,8.28333333333333
5219,B3,11,2007,11/13/2007,0,Bonne,17.45,38.52,96.9333333333333,8.28666666666667
5221,B4,11,2007,11/13/2007,0,Bonne,17.52,38.495,97.725,8.29
5222,B5,11,2007,11/13/2007,0,Bonne,17.2866666666667,38.48,100.666666666667,8.25333333333333
5223,B6,11,2007,11/13/2007,0,Bonne,17.4766666666667,38.5033333333333,95.4666666666667,8.27
5233,B1,12,2007,12/17/2007,0,Bonne,14.7933333333333,38.5466666666667,105.033333333333,8.41666666666667
5234,B2,12,2007,12/17/2007,0,Bonne,14.8966666666667,38.5266666666667,106.4,8.26666666666667
5235,B3,12,2007,12/17/2007,10,Bonne,14.47,38.5266666666667,107.333333333333,8.45666666666667
5237,B4,12,2007,12/17/2007,0,Bonne,14.7066666666667,38.5266666666667,105.433333333333,8.27
5238,B5,12,2007,12/17/2007,10,Bonne,14.7266666666667,38.5233333333333,106,8.30666666666667
5239,B6,12,2007,12/17/2007,0,Bonne,14.628,38.526,102.9,8.27
